Date,Max_Temp_C,Min_Temp_C
2015-11-27,-1.14,-6.24
2015-11-28,-0.61,-7.37
2015-11-29,1.43,-2.97
2015-11-30,0.92,-2.25
2015-12-01,-0.33,-7.78
2015-12-02,1.14,-7.21
2015-12-03,2.43,-7.62
2015-12-04,5.96,-7.51
2015-12-05,6.29,-1.61
2015-12-06,5.72,-1.19
2015-12-07,8.08,-2.65
2015-12-08,7.01,-0.26
2015-12-09,9.14,1.07
2015-12-10,13.09,2.27
2015-12-11,8.0,-0.23
2015-12-12,7.39,2.94
2015-12-13,9.49,4.99
2015-12-14,5.3,-1.2
2015-12-15,4.2,0.51
2015-12-16,5.07,-3.62
2015-12-17,0.74,-6.04
2015-12-18,-0.24,-9.22
2015-12-19,1.37,-11.06
2015-12-20,5.58,-1.31
2015-12-21,2.08,-4.07
2015-12-22,3.2,-4.11
2015-12-23,3.52,-2.31
2015-12-24,0.15,-4.93
2015-12-25,0.52,-4.57
2015-12-26,1.17,-1.94
2015-12-27,-1.62,-8.77
2015-12-28,-3.61,-9.01
2015-12-29,-4.04,-9.29
2015-12-30,-3.13,-8.37
2015-12-31,-5.61,-14.88
2016-01-01,-0.94,-12.17
2016-01-02,-0.46,-14.0
2016-01-03,-3.48,-14.39
2016-01-04,-5.33,-16.49
2016-01-05,0.28,-10.04
2016-01-06,0.35,-4.25
2016-01-07,0.85,-2.62
2016-01-08,0.86,-7.37
2016-01-09,-8.57,-22.7
2016-01-10,-15.84,-26.38
2016-01-11,-7.43,-14.96
2016-01-12,-11.4,-21.08
2016-01-13,0.18,-19.48
2016-01-14,3.23,-5.25
2016-01-15,-4.83,-15.47
2016-01-16,-11.75,-19.77
2016-01-17,-17.63,-27.81
2016-01-18,-14.34,-20.3
2016-01-19,-10.4,-16.1
2016-01-20,-3.24,-16.12
2016-01-21,-2.82,-9.98
2016-01-22,-5.44,-10.73
2016-01-23,-4.44,-12.14
2016-01-24,-0.06,-7.13
2016-01-25,-1.27,-4.87
2016-01-26,-1.9,-9.38
2016-01-27,2.16,-12.46
2016-01-28,1.77,-7.55
2016-01-29,5.27,-8.65
2016-01-30,5.45,-1.25
2016-01-31,7.13,-1.97
2016-02-01,7.76,-2.83
2016-02-02,2.14,-1.49
2016-02-03,-1.96,-11.47
2016-02-04,0.65,-11.3
2016-02-05,-3.04,-10.97
2016-02-06,3.04,-6.66
2016-02-07,4.9,-3.09
2016-02-08,-4.19,-10.46
2016-02-09,-6.69,-13.57
2016-02-10,-6.91,-13.91
2016-02-11,-6.15,-15.88
2016-02-12,-6.4,-16.64
2016-02-13,-8.78,-17.06
2016-02-14,-4.2,-10.14
2016-02-15,6.04,-6.77
2016-02-16,3.76,-2.85
2016-02-17,3.65,-3.47
2016-02-18,9.1,-2.42
2016-02-19,14.54,4.26
2016-02-20,11.0,-1.42
2016-02-21,6.64,-2.42
2016-02-22,6.13,-2.57
2016-02-23,7.41,-2.4
2016-02-24,4.33,-3.71
2016-02-25,2.99,-4.31
2016-02-26,7.56,-4.0
2016-02-27,16.95,-2.07
2016-02-28,10.03,-3.1
2016-02-29,6.03,-3.32
2016-03-01,-2.57,-7.0
2016-03-02,1.65,-6.97
2016-03-03,2.93,-3.16
2016-03-04,5.49,-4.06
2016-03-05,7.26,-2.38
2016-03-06,14.89,-1.49
2016-03-07,19.49,8.29
2016-03-08,20.52,6.69
2016-03-09,11.46,2.11
2016-03-10,13.49,0.0
2016-03-11,18.8,0.18
2016-03-12,12.78,1.33
2016-03-13,12.64,6.97
2016-03-14,19.84,7.47
2016-03-15,17.87,5.03
2016-03-16,12.84,0.66
2016-03-17,11.95,-1.94
2016-03-18,5.85,-3.85
2016-03-19,1.86,-2.16
2016-03-20,7.23,-3.31
2016-03-21,13.58,-3.1
2016-03-22,14.85,6.12
2016-03-23,8.85,-0.09
2016-03-24,4.44,-3.43
2016-03-25,10.46,-4.48
2016-03-26,9.47,1.12
2016-03-27,10.41,-1.3
2016-03-28,15.24,-2.78
2016-03-29,16.4,1.46
2016-03-30,17.4,7.27
2016-03-31,11.39,3.74
2016-04-01,8.16,-1.88
2016-04-02,6.48,-2.49
2016-04-03,23.31,-1.24
2016-04-04,9.93,-1.32
2016-04-05,10.04,-0.59
2016-04-06,13.77,1.27
2016-04-07,8.83,-0.5
2016-04-08,6.7,-4.89
2016-04-09,8.23,-6.14
2016-04-10,16.6,3.8
2016-04-11,8.65,-2.36
2016-04-12,13.89,-3.63
2016-04-13,20.15,1.82
2016-04-14,20.93,5.11
2016-04-15,22.7,6.51
2016-04-16,23.96,11.37
2016-04-17,23.86,12.72
2016-04-18,20.71,12.96
2016-04-19,20.03,9.76
2016-04-20,18.38,7.94
2016-04-21,17.56,6.91
2016-04-22,18.62,8.2
2016-04-23,22.35,6.57
2016-04-24,25.96,12.37
2016-04-25,22.12,11.23
2016-04-26,20.52,8.54
2016-04-27,13.02,6.15
2016-04-28,15.77,5.76
2016-04-29,14.27,4.44
2016-04-30,10.74,5.88
2016-05-01,10.29,5.32
2016-05-02,17.38,3.64
2016-05-03,19.85,4.84
2016-05-04,18.26,6.23
2016-05-05,21.55,3.75
2016-05-06,27.57,9.22
2016-05-07,19.38,11.55
2016-05-08,21.46,10.3
2016-05-09,19.61,12.29
2016-05-10,23.76,12.08
2016-05-11,19.13,10.89
2016-05-12,17.9,8.09
2016-05-13,21.03,3.79
2016-05-14,13.48,1.06
2016-05-15,17.41,2.02
2016-05-16,15.26,5.7
2016-05-17,17.86,6.51
2016-05-18,20.03,4.92
2016-05-19,21.42,6.58
2016-05-20,21.16,9.62
2016-05-21,23.54,8.54
2016-05-22,25.33,9.21
2016-05-23,24.63,13.53
2016-05-24,27.34,15.87
2016-05-25,24.27,17.36
2016-05-26,27.28,17.64
2016-05-27,24.44,17.7
2016-05-28,23.47,15.35
2016-05-29,26.21,13.38
2016-05-30,26.9,16.53
2016-05-31,24.59,14.92
2016-06-01,23.74,12.12
2016-06-02,26.09,10.71
2016-06-03,27.33,15.47
2016-06-04,24.38,13.79
2016-06-05,27.36,12.33
2016-06-06,24.77,12.89
2016-06-07,22.81,10.22
2016-06-08,22.47,12.43
2016-06-09,31.01,16.52
2016-06-10,31.02,20.58
2016-06-11,29.71,22.25
2016-06-12,29.09,22.49
2016-06-13,30.55,21.25
2016-06-14,29.92,20.72
2016-06-15,32.28,20.24
2016-06-16,29.52,16.51
2016-06-17,29.82,18.21
2016-06-18,29.58,18.06
2016-06-19,31.0,17.29
2016-06-20,28.91,20.41
2016-06-21,29.56,15.88
2016-06-22,31.94,21.55
2016-06-23,25.98,16.65
2016-06-24,29.04,14.36
2016-06-25,31.67,20.65
2016-06-26,30.59,19.42
2016-06-27,29.19,18.26
2016-06-28,26.73,14.78
2016-06-29,20.97,15.4
2016-06-30,27.0,16.24
2016-07-01,24.23,12.64
2016-07-02,20.52,14.69
2016-07-03,24.47,12.64
2016-07-04,27.51,13.53
2016-07-05,29.51,17.22
2016-07-06,28.51,22.81
2016-07-07,28.96,21.34
2016-07-08,28.17,17.51
2016-07-09,29.16,16.34
2016-07-10,30.33,19.32
2016-07-11,32.44,22.92
2016-07-12,28.27,20.24
2016-07-13,28.84,19.9
2016-07-14,28.09,17.03
2016-07-15,25.19,13.22
2016-07-16,27.66,14.36
2016-07-17,28.73,21.11
2016-07-18,28.41,19.46
2016-07-19,26.5,21.78
2016-07-20,32.05,22.15
2016-07-21,31.84,23.91
2016-07-22,29.61,24.19
2016-07-23,30.24,24.76
2016-07-24,29.09,19.34
2016-07-25,28.87,17.69
2016-07-26,29.53,20.08
2016-07-27,28.99,18.12
2016-07-28,26.6,18.59
2016-07-29,23.94,17.22
2016-07-30,27.35,16.17
2016-07-31,29.72,17.94
2016-08-01,26.86,20.44
2016-08-02,27.78,19.95
2016-08-03,31.03,21.8
2016-08-04,32.38,20.44
2016-08-05,26.63,17.24
2016-08-06,26.5,14.78
2016-08-07,27.15,16.84
2016-08-08,28.42,15.97
2016-08-09,31.39,18.95
2016-08-10,31.84,22.24
2016-08-11,31.5,24.36
2016-08-12,27.07,19.81
2016-08-13,27.51,16.19
2016-08-14,27.5,16.8
2016-08-15,26.07,17.24
2016-08-16,27.85,18.32
2016-08-17,29.17,18.87
2016-08-18,30.39,19.88
2016-08-19,28.92,20.52
2016-08-20,21.9,14.88
2016-08-21,23.37,11.68
2016-08-22,26.81,13.58
2016-08-23,26.86,16.4
2016-08-24,28.27,17.98
2016-08-25,25.53,15.7
2016-08-26,22.49,14.26
2016-08-27,26.88,15.81
2016-08-28,28.62,17.03
2016-08-29,26.45,20.78
2016-08-30,26.9,18.48
2016-08-31,25.99,15.04
2016-09-01,24.48,12.66
2016-09-02,24.23,12.0
2016-09-03,24.77,13.39
2016-09-04,27.62,14.35
2016-09-05,31.66,17.7
2016-09-06,32.61,22.45
2016-09-07,27.48,22.84
2016-09-08,27.82,19.59
2016-09-09,28.29,14.65
2016-09-10,22.01,11.42
2016-09-11,25.06,11.45
2016-09-12,28.65,12.79
2016-09-13,22.09,12.65
2016-09-14,23.66,9.99
2016-09-15,25.87,16.38
2016-09-16,23.25,15.8
2016-09-17,23.15,12.88
2016-09-18,26.6,12.01
2016-09-19,28.92,16.35
2016-09-20,29.19,13.92
2016-09-21,30.29,22.16
2016-09-22,28.11,20.71
2016-09-23,28.65,20.24
2016-09-24,28.86,18.02
2016-09-25,20.8,11.19
2016-09-26,20.1,7.74
2016-09-27,21.35,6.71
2016-09-28,17.5,6.77
2016-09-29,20.64,8.55
2016-09-30,19.71,8.58
2016-10-01,20.07,11.69
2016-10-02,21.68,11.02
2016-10-03,22.71,9.49
2016-10-04,24.04,13.91
2016-10-05,20.86,12.04
2016-10-06,20.8,6.12
2016-10-07,15.67,3.7
2016-10-08,20.16,4.11
2016-10-09,19.12,3.47
2016-10-10,19.73,8.31
2016-10-11,24.22,11.53
2016-10-12,11.57,1.47
2016-10-13,13.67,-0.19
2016-10-14,19.91,3.9
2016-10-15,21.89,14.23
2016-10-16,25.08,12.03
2016-10-17,26.76,17.35
2016-10-18,21.0,9.99
2016-10-19,19.96,8.52
2016-10-20,12.4,3.56
2016-10-21,14.07,1.18
2016-10-22,20.27,3.85
2016-10-23,19.05,6.57
2016-10-24,14.77,5.07
2016-10-25,14.32,7.74
2016-10-26,15.49,4.21
2016-10-27,15.94,3.25
2016-10-28,24.62,8.07
2016-10-29,20.11,9.61
2016-10-30,13.73,6.14
2016-10-31,18.23,7.1
2016-11-01,22.23,9.54
2016-11-02,16.98,9.39
2016-11-03,21.27,6.04
2016-11-04,21.32,5.09
2016-11-05,21.59,6.86
2016-11-06,19.08,5.69
2016-11-07,14.8,5.09
2016-11-08,15.12,3.52
2016-11-09,14.3,1.86
2016-11-10,18.23,2.89
2016-11-11,11.31,0.71
2016-11-12,12.4,-1.76
2016-11-13,15.78,0.36
2016-11-14,14.62,3.74
2016-11-15,18.03,2.53
2016-11-16,15.19,2.3
2016-11-17,18.98,10.14
2016-11-18,13.07,-1.46
2016-11-19,3.78,-5.16
2016-11-20,3.38,-5.52
2016-11-21,6.2,-4.5
2016-11-22,3.71,0.31
2016-11-23,5.01,-0.33
2016-11-24,5.2,-1.49
2016-11-25,7.68,-2.12
2016-11-26,12.52,-1.38
2016-11-27,9.94,-0.77
2016-11-28,14.15,3.07
2016-11-29,6.27,-0.93
2016-11-30,2.75,-1.61
2016-12-01,3.89,-2.4
2016-12-02,4.57,-2.15
2016-12-03,3.41,-3.15
2016-12-04,4.29,-3.39
2016-12-05,6.38,-2.71
2016-12-06,0.65,-7.08
2016-12-07,-4.71,-9.49
2016-12-08,-4.93,-10.95
2016-12-09,-5.28,-13.5
2016-12-10,-4.24,-8.18
2016-12-11,-0.25,-10.55
2016-12-12,-2.7,-14.21
2016-12-13,-6.8,-15.75
2016-12-14,-7.89,-15.72
2016-12-15,-10.97,-18.92
2016-12-16,-6.42,-13.33
2016-12-17,-9.03,-20.34
2016-12-18,-15.2,-25.12
2016-12-19,-4.12,-19.74
2016-12-20,3.47,-8.81
2016-12-21,6.02,-4.65
2016-12-22,4.43,-6.51
2016-12-23,1.93,-2.31
2016-12-24,2.85,-3.79
2016-12-25,7.9,-0.15
2016-12-26,2.21,-3.33
2016-12-27,4.49,-7.42
2016-12-28,5.73,-3.36
2016-12-29,2.96,-2.77
2016-12-30,5.58,-6.94
2016-12-31,-0.56,-6.69
2017-01-01,0.43,-8.63
2017-01-02,2.09,-3.87
2017-01-03,0.05,-13.87
2017-01-04,-11.37,-16.45
2017-01-05,-13.1,-16.02
2017-01-06,-10.94,-18.25
2017-01-07,-7.2,-15.85
2017-01-08,-8.88,-17.44
2017-01-09,-1.07,-11.14
2017-01-10,1.28,-7.63
2017-01-11,0.63,-11.62
2017-01-12,-4.66,-13.13
2017-01-13,-7.68,-13.0
2017-01-14,-0.14,-9.05
2017-01-15,0.97,-7.55
2017-01-16,0.88,-2.78
2017-01-17,1.47,-7.82
2017-01-18,5.07,-7.72
2017-01-19,3.43,-2.14
2017-01-20,3.08,0.12
2017-01-21,8.33,-1.39
2017-01-22,4.68,-3.14
2017-01-23,1.02,-2.98
2017-01-24,1.39,-3.27
2017-01-25,0.95,-3.17
2017-01-26,-0.36,-6.44
2017-01-27,0.04,-10.87
2017-01-28,-0.54,-5.78
2017-01-29,1.79,-4.79
2017-01-30,8.14,-6.63
2017-01-31,3.97,-0.73
2017-02-01,-0.75,-8.65
2017-02-02,-4.8,-12.6
2017-02-03,-2.85,-10.73
2017-02-04,5.17,-9.47
2017-02-05,1.36,-7.22
2017-02-06,10.49,-4.84
2017-02-07,3.19,-6.43
2017-02-08,-5.24,-12.0
2017-02-09,-4.63,-14.26
2017-02-10,10.79,-8.12
2017-02-11,10.06,1.08
2017-02-12,7.59,-2.94
2017-02-13,10.08,-3.51
2017-02-14,9.76,-3.37
2017-02-15,4.58,-5.16
2017-02-16,13.17,-2.29
2017-02-17,19.34,0.11
2017-02-18,16.18,-1.4
2017-02-19,18.95,1.58
2017-02-20,15.84,6.68
2017-02-21,17.81,-0.58
2017-02-22,19.77,2.69
2017-02-23,6.61,1.05
2017-02-24,0.9,-6.19
2017-02-25,0.11,-11.09
2017-02-26,5.13,-5.66
2017-02-27,9.73,-4.16
2017-02-28,10.8,1.1
2017-03-01,5.66,-5.08
2017-03-02,1.0,-5.87
2017-03-03,1.99,-6.11
2017-03-04,13.08,-3.66
2017-03-05,13.81,4.75
2017-03-06,22.5,3.55
2017-03-07,11.44,-1.22
2017-03-08,10.16,-2.22
2017-03-09,5.92,-4.61
2017-03-10,-1.81,-8.32
2017-03-11,-1.49,-6.8
2017-03-12,0.44,-8.85
2017-03-13,-1.39,-7.52
2017-03-14,-1.79,-10.44
2017-03-15,1.42,-10.6
2017-03-16,8.73,-4.65
2017-03-17,15.35,-0.4
2017-03-18,10.09,-3.79
2017-03-19,19.43,-1.57
2017-03-20,17.27,3.68
2017-03-21,8.01,-2.89
2017-03-22,6.4,-4.26
2017-03-23,15.46,0.97
2017-03-24,18.17,4.65
2017-03-25,6.52,3.02
2017-03-26,9.81,2.19
2017-03-27,12.93,3.95
2017-03-28,14.97,2.44
2017-03-29,7.24,2.92
2017-03-30,9.66,1.76
2017-03-31,10.7,1.43
2017-04-01,14.89,1.68
2017-04-02,12.44,5.18
2017-04-03,11.38,7.0
2017-04-04,14.45,5.89
2017-04-05,10.14,5.03
2017-04-06,12.26,-0.17
2017-04-07,15.21,0.37
2017-04-08,23.01,4.33
2017-04-09,23.8,13.34
2017-04-10,15.84,5.16
2017-04-11,15.27,2.16
2017-04-12,18.09,4.44
2017-04-13,21.32,9.48
2017-04-14,22.54,12.39
2017-04-15,22.34,13.91
2017-04-16,20.64,8.81
2017-04-17,21.65,6.45
2017-04-18,22.56,9.66
2017-04-19,23.15,8.47
2017-04-20,15.55,5.65
2017-04-21,14.11,3.42
2017-04-22,18.59,4.75
2017-04-23,21.58,4.44
2017-04-24,21.79,7.36
2017-04-25,21.88,10.88
2017-04-26,10.54,2.93
2017-04-27,11.73,0.27
2017-04-28,8.23,0.14
2017-04-29,7.8,2.77
2017-04-30,9.17,3.0
2017-05-01,7.39,2.98
2017-05-02,17.18,0.86
2017-05-03,15.95,3.82
2017-05-04,19.73,3.29
2017-05-05,23.18,5.45
2017-05-06,20.62,9.3
2017-05-07,24.2,6.45
2017-05-08,28.12,10.65
2017-05-09,25.63,14.97
2017-05-10,21.66,12.17
2017-05-11,21.94,9.63
2017-05-12,22.32,6.69
2017-05-13,26.39,10.73
2017-05-14,27.65,12.08
2017-05-15,27.09,16.41
2017-05-16,29.23,18.34
2017-05-17,25.5,15.25
2017-05-18,20.02,10.5
2017-05-19,13.68,7.71
2017-05-20,21.54,7.11
2017-05-21,15.26,5.86
2017-05-22,21.52,6.7
2017-05-23,15.35,9.71
2017-05-24,17.24,9.33
2017-05-25,22.25,6.51
2017-05-26,25.13,12.71
2017-05-27,23.28,11.51
2017-05-28,24.67,10.44
2017-05-29,21.25,10.24
2017-05-30,22.7,8.77
2017-05-31,22.93,9.12
2017-06-01,26.46,12.5
2017-06-02,28.61,14.83
2017-06-03,30.42,17.77
2017-06-04,31.0,19.08
2017-06-05,27.49,14.89
2017-06-06,26.77,13.94
2017-06-07,27.24,13.09
2017-06-08,28.55,14.94
2017-06-09,30.38,15.13
2017-06-10,32.1,18.34
2017-06-11,33.38,22.64
2017-06-12,32.01,23.74
2017-06-13,33.19,22.95
2017-06-14,29.24,19.6
2017-06-15,32.3,18.31
2017-06-16,30.05,19.21
2017-06-17,27.58,16.47
2017-06-18,24.78,14.2
2017-06-19,27.07,13.23
2017-06-20,30.58,14.63
2017-06-21,30.17,15.56
2017-06-22,32.17,18.36
2017-06-23,23.33,14.57
2017-06-24,25.13,10.78
2017-06-25,22.78,9.96
2017-06-26,22.57,11.24
2017-06-27,26.35,9.88
2017-06-28,29.91,19.27
2017-06-29,27.39,17.74
2017-06-30,27.0,17.57
2017-07-01,25.96,14.35
2017-07-02,29.22,17.61
2017-07-03,29.12,18.86
2017-07-04,29.85,20.07
2017-07-05,29.74,20.52
2017-07-06,34.09,19.95
2017-07-07,29.87,19.2
2017-07-08,31.7,16.73
2017-07-09,34.49,18.5
2017-07-10,32.64,22.75
2017-07-11,34.64,21.06
2017-07-12,33.14,21.41
2017-07-13,30.97,19.01
2017-07-14,29.62,16.13
2017-07-15,35.36,16.71
2017-07-16,33.68,20.79
2017-07-17,35.29,19.52
2017-07-18,34.66,23.13
2017-07-19,35.6,23.42
2017-07-20,35.75,25.33
2017-07-21,36.11,24.53
2017-07-22,33.78,22.99
2017-07-23,31.55,19.15
2017-07-24,30.17,16.4
2017-07-25,35.31,18.56
2017-07-26,30.15,22.73
2017-07-27,30.57,20.3
2017-07-28,30.45,18.39
2017-07-29,30.41,16.55
2017-07-30,29.93,17.42
2017-07-31,30.06,15.56
2017-08-01,32.93,17.44
2017-08-02,31.88,18.18
2017-08-03,26.56,13.7
2017-08-04,26.84,11.39
2017-08-05,27.25,13.32
2017-08-06,26.48,15.68
2017-08-07,27.71,16.57
2017-08-08,29.45,15.91
2017-08-09,30.07,14.65
2017-08-10,31.35,17.32
2017-08-11,28.35,15.14
2017-08-12,28.74,15.31
2017-08-13,27.55,16.09
2017-08-14,29.4,17.0
2017-08-15,29.99,15.56
2017-08-16,28.15,18.83
2017-08-17,28.81,17.74
2017-08-18,29.22,16.03
2017-08-19,31.54,15.23
2017-08-20,30.47,18.04
2017-08-21,28.97,22.31
2017-08-22,24.15,14.01
2017-08-23,26.72,11.27
2017-08-24,26.62,16.43
2017-08-25,25.92,16.46
2017-08-26,29.08,15.57
2017-08-27,28.04,16.92
2017-08-28,24.32,15.07
2017-08-29,27.61,13.41
2017-08-30,29.49,15.0
2017-08-31,27.47,15.59
2017-09-01,26.16,11.57
2017-09-02,29.69,14.79
2017-09-03,31.59,14.17
2017-09-04,25.6,14.92
2017-09-05,21.63,10.68
2017-09-06,21.84,8.41
2017-09-07,25.73,8.05
2017-09-08,30.56,11.04
2017-09-09,31.49,13.73
2017-09-10,29.35,17.55
2017-09-11,30.39,14.08
2017-09-12,31.25,15.85
2017-09-13,32.44,16.76
2017-09-14,33.76,16.37
2017-09-15,34.8,19.51
2017-09-16,30.99,15.59
2017-09-17,23.36,11.27
2017-09-18,21.22,13.39
2017-09-19,29.43,16.15
2017-09-20,30.45,18.8
2017-09-21,29.68,17.12
2017-09-22,32.87,22.55
2017-09-23,33.3,20.78
2017-09-24,33.15,19.77
2017-09-25,29.39,18.12
2017-09-26,21.03,14.17
2017-09-27,22.16,9.64
2017-09-28,25.28,10.97
2017-09-29,22.84,10.52
2017-09-30,22.72,9.03
2017-10-01,24.24,12.48
2017-10-02,28.23,15.62
2017-10-03,24.75,15.65
2017-10-04,21.17,9.92
2017-10-05,20.36,11.78
2017-10-06,23.58,14.02
2017-10-07,18.84,11.69
2017-10-08,25.13,10.02
2017-10-09,18.53,7.38
2017-10-10,11.45,5.31
2017-10-11,15.64,5.19
2017-10-12,18.23,7.31
2017-10-13,15.72,8.42
2017-10-14,18.75,9.25
2017-10-15,13.72,5.35
2017-10-16,19.38,1.79
2017-10-17,21.01,6.68
2017-10-18,22.05,7.69
2017-10-19,22.2,5.49
2017-10-20,21.8,10.77
2017-10-21,23.53,11.15
2017-10-22,18.31,7.94
2017-10-23,16.71,4.64
2017-10-24,9.84,2.28
2017-10-25,17.16,2.19
2017-10-26,15.14,0.94
2017-10-27,3.23,-1.32
2017-10-28,6.71,-4.28
2017-10-29,8.62,-2.13
2017-10-30,5.07,-1.55
2017-10-31,1.45,-5.85
2017-11-01,7.19,-3.18
2017-11-02,13.02,-0.46
2017-11-03,8.02,-1.95
2017-11-04,10.86,3.4
2017-11-05,7.73,-3.62
2017-11-06,4.5,-4.71
2017-11-07,6.26,-2.98
2017-11-08,8.5,-4.22
2017-11-09,1.57,-7.05
2017-11-10,0.12,-6.95
2017-11-11,5.55,-2.03
2017-11-12,7.18,-1.19
2017-11-13,6.59,-2.83
2017-11-14,11.09,2.15
2017-11-15,10.18,-4.12
2017-11-16,3.53,-6.1
2017-11-17,8.66,-1.72
2017-11-18,5.77,-4.76
2017-11-19,7.31,-5.97
2017-11-20,13.33,-1.93
2017-11-21,3.52,-6.05
2017-11-22,2.1,-6.82
2017-11-23,8.91,-2.58
2017-11-24,17.56,4.07
2017-11-25,10.91,0.26
2017-11-26,10.45,-2.09
2017-11-27,14.28,0.58
2017-11-28,12.17,-0.87
2017-11-29,8.48,-4.47
2017-11-30,10.47,-0.75
2017-12-01,11.78,-1.93
2017-12-02,11.94,-1.95
2017-12-03,12.88,-1.13
2017-12-04,18.92,-1.36
2017-12-05,0.04,-4.93
2017-12-06,1.37,-6.7
2017-12-07,-3.32,-8.93
2017-12-08,1.97,-6.61
2017-12-09,-1.93,-6.13
2017-12-10,4.99,-5.41
2017-12-11,5.49,-5.16
2017-12-12,0.3,-10.84
2017-12-13,5.12,-3.49
2017-12-14,0.02,-6.29
2017-12-15,5.45,-5.69
2017-12-16,6.24,-2.39
2017-12-17,2.18,-2.03
2017-12-18,6.98,-2.66
2017-12-19,6.55,-2.47
2017-12-20,2.53,-3.44
2017-12-21,2.11,-3.63
2017-12-22,-1.16,-7.79
2017-12-23,-4.74,-10.56
2017-12-24,-4.31,-9.35
2017-12-25,-9.32,-15.05
2017-12-26,-13.35,-19.31
2017-12-27,-13.17,-21.1
2017-12-28,-7.11,-14.81
2017-12-29,-9.72,-14.64
2017-12-30,-14.88,-18.33
2017-12-31,-17.33,-24.82
2018-01-01,-16.59,-25.68
2018-01-02,-8.87,-23.65
2018-01-03,-8.61,-18.37
2018-01-04,-13.05,-19.27
2018-01-05,-10.59,-17.52
2018-01-06,-8.87,-19.39
2018-01-07,1.66,-10.16
2018-01-08,5.07,-6.36
2018-01-09,2.81,-1.45
2018-01-10,3.13,-1.33
2018-01-11,2.19,-15.14
2018-01-12,-11.67,-20.51
2018-01-13,-11.44,-17.87
2018-01-14,-5.84,-16.94
2018-01-15,-12.57,-19.55
2018-01-16,-12.61,-20.06
2018-01-17,-3.39,-17.81
2018-01-18,2.16,-11.29
2018-01-19,6.9,-5.93
2018-01-20,6.96,-2.93
2018-01-21,2.68,0.72
2018-01-22,5.08,-2.83
2018-01-23,-1.27,-6.77
2018-01-24,0.85,-6.71
2018-01-25,5.54,-4.63
2018-01-26,11.79,-0.29
2018-01-27,9.4,-3.98
2018-01-28,-1.85,-7.39
2018-01-29,-4.5,-12.51
2018-01-30,2.72,-12.27
2018-01-31,3.26,-1.3
2018-02-01,-3.92,-15.24
2018-02-02,-4.23,-16.64
2018-02-03,4.18,-7.49
2018-02-04,-8.39,-16.97
2018-02-05,-10.52,-18.11
2018-02-06,-10.83,-20.2
2018-02-07,-7.45,-17.05
2018-02-08,-5.83,-12.97
2018-02-09,-8.35,-14.61
2018-02-10,-9.46,-15.53
2018-02-11,-5.68,-17.54
2018-02-12,-7.23,-19.44
2018-02-13,1.29,-10.95
2018-02-14,6.71,-5.81
2018-02-15,4.67,-5.2
2018-02-16,-3.02,-14.75
2018-02-17,4.16,-8.71
2018-02-18,10.61,-6.55
2018-02-19,3.1,-3.27
2018-02-20,-2.92,-9.7
2018-02-21,-3.13,-14.76
2018-02-22,-0.23,-7.22
2018-02-23,1.46,-7.81
2018-02-24,0.5,-8.12
2018-02-25,4.34,-9.2
2018-02-26,9.59,-7.44
2018-02-27,14.52,-0.73
2018-02-28,10.8,-1.07
2018-03-01,8.92,-3.44
2018-03-02,8.84,-4.15
2018-03-03,13.34,-2.32
2018-03-04,14.87,0.95
2018-03-05,5.28,-1.62
2018-03-06,1.66,-4.21
2018-03-07,-0.08,-7.27
2018-03-08,0.59,-7.5
2018-03-09,1.86,-4.51
2018-03-10,4.84,-5.5
2018-03-11,5.34,-2.24
2018-03-12,7.25,-4.14
2018-03-13,5.11,-4.47
2018-03-14,15.35,-3.82
2018-03-15,10.86,-3.01
2018-03-16,4.52,-2.97
2018-03-17,5.05,-1.69
2018-03-18,5.86,-1.75
2018-03-19,11.5,-0.94
2018-03-20,2.19,-3.32
2018-03-21,7.56,-4.61
2018-03-22,10.5,-2.67
2018-03-23,7.96,-0.66
2018-03-24,0.74,-6.8
2018-03-25,5.01,-7.07
2018-03-26,3.09,-2.4
2018-03-27,9.35,-1.31
2018-03-28,11.87,-2.98
2018-03-29,7.43,-3.01
2018-03-30,9.16,-2.03
2018-03-31,6.35,-5.78
2018-04-01,-0.04,-6.82
2018-04-02,5.69,-5.19
2018-04-03,2.44,-7.46
2018-04-04,2.34,-9.18
2018-04-05,8.69,-2.37
2018-04-06,-0.37,-6.85
2018-04-07,4.67,-10.38
2018-04-08,1.05,-2.95
2018-04-09,3.76,-3.37
2018-04-10,11.31,-3.23
2018-04-11,16.52,-0.08
2018-04-12,17.77,4.17
2018-04-13,14.92,5.86
2018-04-14,3.84,-2.66
2018-04-15,-0.89,-4.79
2018-04-16,1.93,-5.86
2018-04-17,8.8,-6.21
2018-04-18,2.32,-2.84
2018-04-19,10.82,-3.45
2018-04-20,13.24,-2.84
2018-04-21,15.37,3.01
2018-04-22,19.19,3.33
2018-04-23,20.48,2.94
2018-04-24,22.63,5.39
2018-04-25,17.67,3.85
2018-04-26,18.69,3.56
2018-04-27,21.65,1.69
2018-04-28,15.04,1.58
2018-04-29,20.83,1.02
2018-04-30,25.29,9.85
2018-05-01,22.77,15.18
2018-05-02,20.0,11.65
2018-05-03,22.42,11.45
2018-05-04,24.36,11.04
2018-05-05,26.17,9.54
2018-05-06,25.65,11.94
2018-05-07,25.98,10.95
2018-05-08,26.26,12.52
2018-05-09,23.89,14.3
2018-05-10,22.65,10.86
2018-05-11,18.22,8.75
2018-05-12,16.23,7.24
2018-05-13,20.54,9.83
2018-05-14,24.85,14.26
2018-05-15,25.56,13.5
2018-05-16,27.25,14.79
2018-05-17,28.09,16.44
2018-05-18,27.88,12.96
2018-05-19,26.01,14.7
2018-05-20,21.18,10.53
2018-05-21,22.72,12.93
2018-05-22,26.82,12.6
2018-05-23,27.84,17.3
2018-05-24,30.28,18.4
2018-05-25,29.98,19.88
2018-05-26,33.86,18.2
2018-05-27,35.88,20.86
2018-05-28,35.18,21.29
2018-05-29,33.54,19.94
2018-05-30,28.06,18.25
2018-05-31,32.04,17.87
2018-06-01,33.58,18.28
2018-06-02,25.71,16.29
2018-06-03,25.34,13.22
2018-06-04,27.88,13.59
2018-06-05,31.79,15.19
2018-06-06,29.29,17.45
2018-06-07,28.34,20.06
2018-06-08,29.59,20.87
2018-06-09,31.02,20.09
2018-06-10,27.83,18.78
2018-06-11,26.16,17.2
2018-06-12,30.17,18.79
2018-06-13,27.13,15.57
2018-06-14,27.15,16.35
2018-06-15,32.71,20.79
2018-06-16,32.76,22.04
2018-06-17,32.48,23.11
2018-06-18,32.29,23.59
2018-06-19,27.24,20.89
2018-06-20,25.73,17.86
2018-06-21,24.58,15.02
2018-06-22,24.29,14.91
2018-06-23,24.41,17.14
2018-06-24,26.46,16.85
2018-06-25,25.46,18.16
2018-06-26,25.5,17.79
2018-06-27,29.33,16.11
2018-06-28,29.65,18.85
2018-06-29,33.34,22.97
2018-06-30,31.58,22.38
2018-07-01,25.85,19.13
2018-07-02,28.06,16.9
2018-07-03,30.72,17.22
2018-07-04,30.33,21.81
2018-07-05,29.09,19.88
2018-07-06,27.19,16.91
2018-07-07,26.61,15.24
2018-07-08,28.03,14.2
2018-07-09,31.42,15.12
2018-07-10,31.16,20.63
2018-07-11,32.14,19.72
2018-07-12,33.41,20.53
2018-07-13,32.18,21.82
2018-07-14,30.18,20.97
2018-07-15,30.28,21.1
2018-07-16,27.99,19.17
2018-07-17,29.4,20.4
2018-07-18,29.68,18.17
2018-07-19,29.58,20.01
2018-07-20,27.21,18.34
2018-07-21,27.62,17.63
2018-07-22,27.97,16.96
2018-07-23,29.44,17.82
2018-07-24,29.04,16.47
2018-07-25,29.51,18.2
2018-07-26,26.58,15.37
2018-07-27,25.33,12.44
2018-07-28,25.9,16.52
2018-07-29,26.09,17.18
2018-07-30,27.33,14.73
2018-07-31,29.48,15.23
2018-08-01,30.38,16.23
2018-08-02,28.4,14.46
2018-08-03,34.99,16.31
2018-08-04,31.18,20.68
2018-08-05,32.78,21.68
2018-08-06,27.41,21.02
2018-08-07,27.81,18.7
2018-08-08,30.29,15.74
2018-08-09,32.56,19.09
2018-08-10,29.71,17.62
2018-08-11,30.89,18.05
2018-08-12,32.34,17.63
2018-08-13,33.31,18.16
2018-08-14,29.04,20.95
2018-08-15,29.2,20.54
2018-08-16,26.97,19.53
2018-08-17,29.81,19.24
2018-08-18,30.31,16.5
2018-08-19,29.0,18.62
2018-08-20,25.54,15.57
2018-08-21,22.38,14.34
2018-08-22,24.47,11.26
2018-08-23,27.04,12.9
2018-08-24,28.73,17.15
2018-08-25,30.64,16.84
2018-08-26,29.29,21.0
2018-08-27,32.05,23.31
2018-08-28,28.86,16.14
2018-08-29,22.87,11.6
2018-08-30,26.73,12.52
2018-08-31,27.91,19.62
2018-09-01,28.07,22.31
2018-09-02,26.64,20.95
2018-09-03,24.24,20.27
2018-09-04,28.19,21.45
2018-09-05,22.81,16.07
2018-09-06,23.75,13.5
2018-09-07,18.62,13.78
2018-09-08,21.22,11.55
2018-09-09,22.48,9.38
2018-09-10,24.27,9.55
2018-09-11,25.52,12.59
2018-09-12,26.31,14.36
2018-09-13,27.6,15.14
2018-09-14,29.43,18.83
2018-09-15,30.41,19.52
2018-09-16,29.55,18.58
2018-09-17,30.81,19.19
2018-09-18,27.46,19.68
2018-09-19,28.24,19.8
2018-09-20,30.71,18.06
2018-09-21,17.08,7.84
2018-09-22,19.07,5.54
2018-09-23,23.35,7.86
2018-09-24,24.82,9.72
2018-09-25,17.64,8.82
2018-09-26,17.8,6.75
2018-09-27,18.74,8.1
2018-09-28,12.77,5.51
2018-09-29,10.92,3.47
2018-09-30,13.09,6.79
2018-10-01,16.26,9.07
2018-10-02,19.77,8.63
2018-10-03,28.49,9.18
2018-10-04,13.09,2.18
2018-10-05,15.86,7.38
2018-10-06,11.25,6.83
2018-10-07,13.39,6.6
2018-10-08,19.37,10.91
2018-10-09,20.31,14.46
2018-10-10,19.18,2.34
2018-10-11,8.67,0.75
2018-10-12,7.85,0.14
2018-10-13,14.21,0.63
2018-10-14,5.93,-0.23
2018-10-15,8.18,-3.83
2018-10-16,16.08,-1.65
2018-10-17,11.49,-0.06
2018-10-18,18.56,0.84
2018-10-19,19.07,7.06
2018-10-20,7.09,-1.32
2018-10-21,14.37,-3.07
2018-10-22,17.7,2.7
2018-10-23,11.84,-1.13
2018-10-24,13.58,-1.54
2018-10-25,9.64,4.14
2018-10-26,13.29,2.93
2018-10-27,18.17,5.8
2018-10-28,14.9,3.41
2018-10-29,15.55,1.09
2018-10-30,12.84,6.62
2018-10-31,14.38,2.1
2018-11-01,14.54,0.81
2018-11-02,11.11,4.6
2018-11-03,7.71,3.8
2018-11-04,5.95,0.93
2018-11-05,7.4,0.42
2018-11-06,5.94,-2.72
2018-11-07,2.71,-4.44
2018-11-08,1.83,-4.38
2018-11-09,-2.4,-7.75
2018-11-10,-2.38,-8.36
2018-11-11,4.72,-6.39
2018-11-12,-3.12,-9.46
2018-11-13,-0.89,-12.44
2018-11-14,4.86,-7.51
2018-11-15,6.88,-6.08
2018-11-16,5.03,-2.26
2018-11-17,-0.02,-4.9
2018-11-18,-1.03,-12.2
2018-11-19,2.4,-7.29
2018-11-20,2.33,-10.54
2018-11-21,3.85,-3.16
2018-11-22,8.25,-2.39
2018-11-23,3.91,1.33
2018-11-24,7.66,-0.79
2018-11-25,-0.3,-5.83
2018-11-26,-4.8,-10.84
2018-11-27,-2.94,-12.77
2018-11-28,-2.11,-7.92
2018-11-29,0.25,-5.71
2018-11-30,3.34,-3.92
2018-12-01,1.07,-0.98
2018-12-02,0.62,-4.0
2018-12-03,-1.39,-7.5
2018-12-04,-3.93,-10.2
2018-12-05,0.88,-11.48
2018-12-06,-3.85,-12.06
2018-12-07,-2.81,-12.44
2018-12-08,-1.18,-11.18
2018-12-09,-0.72,-11.42
2018-12-10,-1.15,-10.28
2018-12-11,1.88,-8.23
2018-12-12,0.84,-7.9
2018-12-13,0.91,-4.9
2018-12-14,2.48,-8.19
2018-12-15,4.52,-6.07
2018-12-16,4.89,-3.55
2018-12-17,4.84,-5.12
2018-12-18,6.94,-2.91
2018-12-19,7.82,1.1
2018-12-20,1.81,-3.6
2018-12-21,0.01,-4.86
2018-12-22,1.1,-3.85
2018-12-23,1.98,-5.78
2018-12-24,1.34,-7.58
2018-12-25,5.68,-2.3
2018-12-26,1.77,-1.5
2018-12-27,7.36,-2.25
2018-12-28,-2.77,-10.44
2018-12-29,-6.96,-13.91
2018-12-30,3.09,-10.52
2018-12-31,1.19,-6.73
2019-01-01,-7.19,-13.2
2019-01-02,-1.46,-13.29
2019-01-03,5.71,-7.99
2019-01-04,6.96,-3.61
2019-01-05,8.14,-1.37
2019-01-06,6.34,-0.35
2019-01-07,8.7,2.39
2019-01-08,6.23,-4.93
2019-01-09,-4.5,-8.58
2019-01-10,-0.56,-9.77
2019-01-11,1.64,-5.64
2019-01-12,-0.98,-4.48
2019-01-13,1.09,-8.08
2019-01-14,-1.11,-7.38
2019-01-15,2.48,-3.98
2019-01-16,-3.08,-10.59
2019-01-17,-0.12,-5.76
2019-01-18,-4.98,-8.51
2019-01-19,-8.73,-17.09
2019-01-20,-11.55,-17.46
2019-01-21,-8.05,-16.72
2019-01-22,-2.48,-8.04
2019-01-23,-3.54,-10.91
2019-01-24,-5.76,-22.13
2019-01-25,-8.77,-23.45
2019-01-26,-1.12,-17.95
2019-01-27,-8.43,-18.01
2019-01-28,-3.11,-18.18
2019-01-29,-14.06,-26.36
2019-01-30,-20.47,-32.88
2019-01-31,-16.5,-25.83
2019-02-01,-5.93,-19.69
2019-02-02,4.27,-4.79
2019-02-03,9.61,3.94
2019-02-04,8.23,-11.8
2019-02-05,-7.5,-13.59
2019-02-06,-3.92,-11.82
2019-02-07,-8.83,-17.27
2019-02-08,-11.23,-20.51
2019-02-09,-4.95,-18.9
2019-02-10,-2.39,-8.51
2019-02-11,-1.29,-8.9
2019-02-12,-4.09,-14.41
2019-02-13,-4.03,-15.12
2019-02-14,0.83,-15.95
2019-02-15,-11.12,-19.91
2019-02-16,-4.69,-16.59
2019-02-17,-4.09,-8.35
2019-02-18,-6.41,-15.0
2019-02-19,-6.71,-20.46
2019-02-20,-0.82,-11.15
2019-02-21,-2.57,-16.13
2019-02-22,-0.88,-13.48
2019-02-23,0.14,-2.65
2019-02-24,-3.38,-16.73
2019-02-25,-11.3,-23.24
2019-02-26,-8.82,-17.85
2019-02-27,-10.05,-16.61
2019-02-28,-5.89,-15.42
2019-03-01,-1.83,-14.76
2019-03-02,-7.35,-16.74
2019-03-03,-15.49,-20.86
2019-03-04,-12.81,-24.1
2019-03-05,-9.17,-15.18
2019-03-06,-1.62,-18.79
2019-03-07,-4.68,-12.57
2019-03-08,-0.1,-9.12
2019-03-09,0.45,-1.81
2019-03-10,-0.14,-8.59
2019-03-11,1.49,-9.32
2019-03-12,4.03,-7.42
2019-03-13,13.62,2.73
2019-03-14,8.64,-0.35
2019-03-15,5.75,-3.89
2019-03-16,7.86,-4.34
2019-03-17,7.34,-4.2
2019-03-18,7.15,-4.13
2019-03-19,8.92,-2.62
2019-03-20,12.43,-1.09
2019-03-21,12.05,-1.75
2019-03-22,12.43,-2.62
2019-03-23,14.26,-2.28
2019-03-24,9.63,3.64
2019-03-25,9.23,-0.66
2019-03-26,11.5,-0.21
2019-03-27,19.66,2.46
2019-03-28,12.77,3.83
2019-03-29,8.61,-0.25
2019-03-30,5.25,-4.5
2019-03-31,6.32,-5.53
2019-04-01,13.92,-1.77
2019-04-02,11.05,-0.65
2019-04-03,11.71,0.35
2019-04-04,11.54,3.86
2019-04-05,17.9,4.83
2019-04-06,20.62,6.68
2019-04-07,20.63,8.23
2019-04-08,23.73,5.66
2019-04-09,18.07,4.16
2019-04-10,8.32,1.75
2019-04-11,13.75,0.14
2019-04-12,4.36,-0.97
2019-04-13,9.47,-2.66
2019-04-14,9.69,-3.08
2019-04-15,19.46,-0.22
2019-04-16,19.38,7.65
2019-04-17,21.87,8.03
2019-04-18,13.84,4.32
2019-04-19,16.12,1.7
2019-04-20,22.58,3.24
2019-04-21,26.59,8.48
2019-04-22,22.84,7.46
2019-04-23,18.45,4.03
2019-04-24,19.86,7.24
2019-04-25,18.18,7.31
2019-04-26,15.92,3.25
2019-04-27,8.37,-0.27
2019-04-28,11.85,-0.96
2019-04-29,17.81,3.86
2019-04-30,12.74,5.09
2019-05-01,14.79,3.58
2019-05-02,16.54,4.1
2019-05-03,17.16,2.94
2019-05-04,19.19,5.11
2019-05-05,22.61,10.24
2019-05-06,18.33,9.12
2019-05-07,17.17,6.98
2019-05-08,20.91,5.12
2019-05-09,12.25,2.64
2019-05-10,17.22,2.89
2019-05-11,13.37,7.51
2019-05-12,12.18,5.78
2019-05-13,18.48,1.95
2019-05-14,19.93,9.43
2019-05-15,25.01,8.26
2019-05-16,28.29,15.72
2019-05-17,23.57,15.23
2019-05-18,24.75,16.08
2019-05-19,15.43,4.34
2019-05-20,13.63,3.05
2019-05-21,13.04,6.81
2019-05-22,20.84,9.82
2019-05-23,21.52,7.58
2019-05-24,24.83,13.45
2019-05-25,25.34,13.38
2019-05-26,24.52,12.5
2019-05-27,25.46,11.84
2019-05-28,19.63,10.43
2019-05-29,24.1,12.54
2019-05-30,22.08,11.23
2019-05-31,26.28,13.47
2019-06-01,25.51,13.41
2019-06-02,24.18,9.65
2019-06-03,23.74,12.49
2019-06-04,26.99,15.97
2019-06-05,29.55,18.97
2019-06-06,27.82,19.27
2019-06-07,28.61,18.12
2019-06-08,27.12,15.59
2019-06-09,22.11,13.46
2019-06-10,24.17,9.53
2019-06-11,24.46,13.2
2019-06-12,21.08,11.48
2019-06-13,22.38,7.71
2019-06-14,20.53,13.3
2019-06-15,25.58,18.36
2019-06-16,25.94,16.25
2019-06-17,24.82,14.82
2019-06-18,22.35,15.39
2019-06-19,22.31,15.7
2019-06-20,23.8,14.59
2019-06-21,24.52,16.12
2019-06-22,25.04,14.52
2019-06-23,23.82,18.14
2019-06-24,23.96,15.38
2019-06-25,27.58,15.13
2019-06-26,27.51,19.02
2019-06-27,28.68,19.55
2019-06-28,29.6,22.79
2019-06-29,31.12,22.19
2019-06-30,30.7,24.29
2019-07-01,30.31,21.96
2019-07-02,29.69,22.62
2019-07-03,28.5,21.28
2019-07-04,28.62,21.72
2019-07-05,28.66,21.75
2019-07-06,27.39,19.94
2019-07-07,27.31,17.78
2019-07-08,27.55,17.08
2019-07-09,28.83,19.59
2019-07-10,26.17,19.61
2019-07-11,26.8,17.92
2019-07-12,29.16,16.63
2019-07-13,28.82,20.87
2019-07-14,30.32,18.93
2019-07-15,28.6,22.28
2019-07-16,28.13,20.72
2019-07-17,28.94,21.13
2019-07-18,31.94,24.42
2019-07-19,31.69,24.97
2019-07-20,31.75,20.51
2019-07-21,26.76,18.1
2019-07-22,24.21,14.95
2019-07-23,25.37,13.11
2019-07-24,26.7,16.75
2019-07-25,25.51,16.26
2019-07-26,28.77,18.68
2019-07-27,29.37,20.81
2019-07-28,29.07,20.93
2019-07-29,26.57,17.16
2019-07-30,24.82,12.99
2019-07-31,24.96,16.09
2019-08-01,26.71,17.6
2019-08-02,26.88,17.71
2019-08-03,27.85,16.5
2019-08-04,29.43,18.82
2019-08-05,28.79,19.76
2019-08-06,27.74,19.07
2019-08-07,29.33,17.71
2019-08-08,25.17,16.33
2019-08-09,26.87,14.16
2019-08-10,29.2,18.09
2019-08-11,26.76,21.31
2019-08-12,27.31,19.46
2019-08-13,28.72,18.72
2019-08-14,24.74,15.62
2019-08-15,25.49,16.47
2019-08-16,24.84,18.73
2019-08-17,26.78,16.5
2019-08-18,27.78,17.49
2019-08-19,27.38,15.31
2019-08-20,29.35,20.05
2019-08-21,22.1,16.61
2019-08-22,24.93,13.09
2019-08-23,25.24,14.17
2019-08-24,23.42,14.63
2019-08-25,22.38,15.55
2019-08-26,25.3,15.11
2019-08-27,24.29,14.05
2019-08-28,24.8,11.68
2019-08-29,28.68,15.77
2019-08-30,23.42,12.89
2019-08-31,23.2,14.13
2019-09-01,26.41,12.79
2019-09-02,26.48,18.1
2019-09-03,29.8,16.31
2019-09-04,23.76,11.7
2019-09-05,29.9,13.26
2019-09-06,25.91,15.13
2019-09-07,25.85,15.66
2019-09-08,23.47,13.99
2019-09-09,26.6,17.43
2019-09-10,26.69,21.48
2019-09-11,28.41,21.63
2019-09-12,28.2,16.15
2019-09-13,21.71,13.76
2019-09-14,26.93,13.03
2019-09-15,29.5,19.9
2019-09-16,29.07,18.05
2019-09-17,30.11,20.11
2019-09-18,30.51,20.68
2019-09-19,28.41,21.91
2019-09-20,29.89,21.32
2019-09-21,26.29,20.85
2019-09-22,22.51,13.13
2019-09-23,25.07,11.06
2019-09-24,27.86,16.32
2019-09-25,22.5,11.77
2019-09-26,22.2,8.68
2019-09-27,23.82,12.67
2019-09-28,20.05,9.37
2019-09-29,24.18,12.4
2019-09-30,29.7,21.05
2019-10-01,24.17,13.73
2019-10-02,17.4,11.43
2019-10-03,15.05,5.6
2019-10-04,14.74,2.57
2019-10-05,17.98,8.76
2019-10-06,18.31,6.59
2019-10-07,20.01,5.18
2019-10-08,20.04,7.38
2019-10-09,18.06,7.78
2019-10-10,19.62,4.51
2019-10-11,5.69,-1.63
2019-10-12,11.09,-3.14
2019-10-13,11.22,-0.93
2019-10-14,14.69,0.53
2019-10-15,13.25,3.66
2019-10-16,11.11,2.81
2019-10-17,16.02,0.57
2019-10-18,20.09,5.02
2019-10-19,17.69,7.52
2019-10-20,16.63,5.4
2019-10-21,11.41,6.85
2019-10-22,11.57,2.79
2019-10-23,13.07,1.45
2019-10-24,8.59,-0.37
2019-10-25,11.53,-2.5
2019-10-26,10.94,-3.13
2019-10-27,9.98,0.25
2019-10-28,5.27,-2.87
2019-10-29,5.82,-4.74
2019-10-30,0.6,-3.5
2019-10-31,4.26,-4.84
2019-11-01,7.44,-3.45
2019-11-02,7.66,-2.63
2019-11-03,6.75,-2.51
2019-11-04,7.9,-0.33
2019-11-05,4.43,-4.36
2019-11-06,5.75,-4.69
2019-11-07,-0.87,-8.1
2019-11-08,3.92,-5.63
2019-11-09,10.75,-2.18
2019-11-10,4.89,-3.48
2019-11-11,-4.13,-11.36
2019-11-12,-6.21,-15.4
2019-11-13,0.84,-8.4
2019-11-14,-0.18,-8.73
2019-11-15,5.64,-5.39
2019-11-16,6.72,-1.47
2019-11-17,6.89,-1.88
2019-11-18,5.71,-1.7
2019-11-19,10.34,-0.6
2019-11-20,12.42,-0.6
2019-11-21,12.74,-4.95
2019-11-22,1.06,-6.66
2019-11-23,6.84,-4.04
2019-11-24,8.93,-1.84
2019-11-25,9.96,-1.33
2019-11-26,5.24,-1.86
2019-11-27,2.4,-5.86
2019-11-28,-0.78,-6.19
2019-11-29,1.55,-2.79
2019-11-30,3.96,-2.31
2019-12-01,0.63,-5.54
2019-12-02,0.87,-9.48
2019-12-03,6.77,-1.84
2019-12-04,7.73,-1.82
2019-12-05,9.68,-1.59
2019-12-06,0.07,-5.32
2019-12-07,6.33,-4.36
2019-12-08,5.07,-0.43
2019-12-09,3.2,-9.57
2019-12-10,-6.48,-11.98
2019-12-11,-4.84,-10.06
2019-12-12,4.96,-7.41
2019-12-13,0.53,-5.69
2019-12-14,-2.57,-11.1
2019-12-15,-6.5,-11.58
2019-12-16,-3.16,-9.76
2019-12-17,1.74,-7.98
2019-12-18,-1.27,-12.67
2019-12-19,4.94,-6.33
2019-12-20,4.4,-1.93
2019-12-21,6.84,-2.85
2019-12-22,9.08,-1.13
2019-12-23,6.4,-1.0
2019-12-24,7.43,0.84
2019-12-25,12.49,2.57
2019-12-26,4.3,-4.01
2019-12-27,4.58,-4.45
2019-12-28,6.76,-0.76
2019-12-29,7.78,-3.09
2019-12-30,-3.06,-4.84
2019-12-31,0.48,-7.05
2020-01-01,4.93,-7.06
2020-01-02,4.97,-3.57
2020-01-03,2.19,-3.78
2020-01-04,0.65,-7.53
2020-01-05,5.01,-3.68
2020-01-06,2.17,-3.96
2020-01-07,2.96,-7.44
2020-01-08,-3.34,-12.58
2020-01-09,10.52,-2.77
2020-01-10,-0.81,-9.16
2020-01-11,-6.68,-13.1
2020-01-12,-1.83,-12.96
2020-01-13,0.08,-7.54
2020-01-14,-0.34,-8.22
2020-01-15,-1.89,-15.43
2020-01-16,-10.84,-20.78
2020-01-17,-3.57,-15.07
2020-01-18,-2.99,-18.06
2020-01-19,-14.02,-19.81
2020-01-20,-10.13,-17.79
2020-01-21,-7.03,-19.99
2020-01-22,-0.3,-6.51
2020-01-23,0.5,-4.39
2020-01-24,-0.26,-4.34
2020-01-25,-0.39,-10.99
2020-01-26,0.05,-9.91
2020-01-27,-0.07,-6.79
2020-01-28,-3.16,-9.11
2020-01-29,-2.26,-7.01
2020-01-30,-1.08,-7.58
2020-01-31,0.83,-5.38
2020-02-01,2.13,-5.44
2020-02-02,9.09,-2.2
2020-02-03,4.65,-3.29
2020-02-04,-1.48,-7.81
2020-02-05,-1.09,-8.57
2020-02-06,0.68,-9.78
2020-02-07,-1.72,-8.41
2020-02-08,-0.58,-11.19
2020-02-09,2.59,-7.65
2020-02-10,2.16,-9.17
2020-02-11,1.73,-6.69
2020-02-12,1.54,-12.79
2020-02-13,-13.64,-21.17
2020-02-14,-5.26,-20.11
2020-02-15,6.47,-9.69
2020-02-16,7.1,-3.2
2020-02-17,3.76,-3.47
2020-02-18,2.25,-8.15
2020-02-19,-7.92,-11.14
2020-02-20,-4.63,-17.02
2020-02-21,6.1,-11.0
2020-02-22,9.56,-5.0
2020-02-23,14.14,-1.12
2020-02-24,4.91,-2.42
2020-02-25,4.32,-1.51
2020-02-26,1.54,-4.56
2020-02-27,2.41,-5.11
2020-02-28,2.39,-4.68
2020-02-29,9.98,-5.03
2020-03-01,11.61,-1.39
2020-03-02,5.71,-2.48
2020-03-03,10.74,-0.29
2020-03-04,11.92,-2.36
2020-03-05,8.62,-1.87
2020-03-06,7.59,-4.69
2020-03-07,16.96,-1.58
2020-03-08,19.19,4.68
2020-03-09,11.02,-2.61
2020-03-10,9.48,-4.22
2020-03-11,12.95,-0.79
2020-03-12,15.56,0.22
2020-03-13,9.25,-3.95
2020-03-14,2.73,-3.23
2020-03-15,5.92,-4.18
2020-03-16,7.32,-1.54
2020-03-17,8.74,-4.05
2020-03-18,11.67,1.81
2020-03-19,16.9,0.87
2020-03-20,0.86,-7.65
2020-03-21,4.71,-7.22
2020-03-22,4.35,-4.22
2020-03-23,9.0,-0.03
2020-03-24,10.26,2.68
2020-03-25,13.14,3.88
2020-03-26,13.28,2.28
2020-03-27,9.31,4.8
2020-03-28,20.68,5.16
2020-03-29,13.66,1.81
2020-03-30,16.67,-2.01
2020-03-31,14.1,0.95
2020-04-01,17.4,2.0
2020-04-02,17.0,6.63
2020-04-03,5.95,-5.52
2020-04-04,9.17,-7.27
2020-04-05,14.84,-3.61
2020-04-06,17.22,5.05
2020-04-07,24.85,10.55
2020-04-08,18.2,2.94
2020-04-09,8.6,-2.71
2020-04-10,11.44,-4.56
2020-04-11,13.53,2.9
2020-04-12,7.7,-2.81
2020-04-13,4.07,-6.08
2020-04-14,3.88,-5.85
2020-04-15,5.08,-5.91
2020-04-16,4.08,-3.0
2020-04-17,8.78,-2.23
2020-04-18,19.27,-2.14
2020-04-19,13.82,3.64
2020-04-20,18.67,3.08
2020-04-21,15.94,-0.25
2020-04-22,24.21,8.18
2020-04-23,22.72,8.99
2020-04-24,16.33,8.5
2020-04-25,17.81,5.8
2020-04-26,19.57,8.45
2020-04-27,24.86,9.65
2020-04-28,23.43,9.73
2020-04-29,17.28,7.1
2020-04-30,20.97,5.63
2020-05-01,24.54,8.94
2020-05-02,22.18,11.67
2020-05-03,24.05,10.08
2020-05-04,13.01,7.47
2020-05-05,10.49,6.41
2020-05-06,16.69,4.55
2020-05-07,16.58,4.29
2020-05-08,12.71,2.02
2020-05-09,19.12,0.3
2020-05-10,10.1,2.21
2020-05-11,13.98,0.99
2020-05-12,15.97,2.02
2020-05-13,15.35,5.07
2020-05-14,22.55,11.77
2020-05-15,22.33,8.96
2020-05-16,22.78,8.78
2020-05-17,17.87,10.65
2020-05-18,15.6,9.91
2020-05-19,19.63,9.24
2020-05-20,21.08,11.3
2020-05-21,19.47,11.31
2020-05-22,22.53,11.66
2020-05-23,23.74,15.88
2020-05-24,27.22,15.71
2020-05-25,25.45,16.42
2020-05-26,25.96,17.7
2020-05-27,26.32,17.3
2020-05-28,22.77,13.11
2020-05-29,21.04,10.29
2020-05-30,23.02,10.37
2020-05-31,22.54,11.87
2020-06-01,29.19,16.17
2020-06-02,31.38,18.63
2020-06-03,29.63,19.71
2020-06-04,31.09,18.03
2020-06-05,30.03,19.67
2020-06-06,28.94,17.9
2020-06-07,31.53,17.88
2020-06-08,31.65,20.27
2020-06-09,24.86,19.89
2020-06-10,22.47,14.06
2020-06-11,27.13,11.98
2020-06-12,29.44,15.26
2020-06-13,24.96,15.12
2020-06-14,25.21,11.12
2020-06-15,28.82,15.0
2020-06-16,29.12,16.98
2020-06-17,29.29,15.6
2020-06-18,29.84,18.41
2020-06-19,22.59,18.41
2020-06-20,26.28,16.46
2020-06-21,28.06,16.52
2020-06-22,21.71,16.39
2020-06-23,22.96,15.02
2020-06-24,25.45,12.93
2020-06-25,28.75,14.26
2020-06-26,30.14,21.52
2020-06-27,29.36,19.81
2020-06-28,27.27,19.81
2020-06-29,29.79,23.12
2020-06-30,27.65,21.7
2020-07-01,28.31,20.95
2020-07-02,29.38,20.72
2020-07-03,30.4,21.09
2020-07-04,30.7,21.42
2020-07-05,31.26,21.56
2020-07-06,31.73,21.72
2020-07-07,32.39,22.12
2020-07-08,33.61,22.27
2020-07-09,30.09,20.71
2020-07-10,32.69,19.13
2020-07-11,31.31,19.78
2020-07-12,29.19,17.84
2020-07-13,31.18,18.1
2020-07-14,31.44,18.14
2020-07-15,24.14,16.7
2020-07-16,29.83,14.2
2020-07-17,30.63,18.85
2020-07-18,33.69,23.06
2020-07-19,30.95,22.23
2020-07-20,27.35,19.52
2020-07-21,29.08,17.47
2020-07-22,28.86,16.08
2020-07-23,28.36,17.1
2020-07-24,32.82,20.1
2020-07-25,35.04,22.69
2020-07-26,32.2,23.69
2020-07-27,31.84,19.52
2020-07-28,32.61,18.12
2020-07-29,31.03,21.6
2020-07-30,28.84,18.67
2020-07-31,28.35,18.7
2020-08-01,30.01,16.96
2020-08-02,27.16,16.27
2020-08-03,24.18,12.79
2020-08-04,25.73,11.91
2020-08-05,26.28,14.31
2020-08-06,26.54,16.29
2020-08-07,30.95,17.48
2020-08-08,33.2,22.68
2020-08-09,34.9,23.3
2020-08-10,25.87,17.89
2020-08-11,29.62,15.19
2020-08-12,29.58,17.89
2020-08-13,31.56,21.21
2020-08-14,30.13,20.93
2020-08-15,28.0,14.83
2020-08-16,32.93,16.12
2020-08-17,28.03,16.86
2020-08-18,28.06,13.69
2020-08-19,30.39,14.31
2020-08-20,30.98,15.43
2020-08-21,33.31,16.84
2020-08-22,32.86,18.9
2020-08-23,36.0,19.08
2020-08-24,37.37,22.06
2020-08-25,36.96,20.92
2020-08-26,36.4,22.09
2020-08-27,36.93,22.64
2020-08-28,36.76,22.36
2020-08-29,28.52,15.92
2020-08-30,27.12,15.93
2020-08-31,27.08,15.21
2020-09-01,24.99,13.44
2020-09-02,32.47,13.91
2020-09-03,26.22,13.95
2020-09-04,29.98,11.12
2020-09-05,32.84,14.1
2020-09-06,34.28,20.33
2020-09-07,23.81,10.67
2020-09-08,12.44,6.72
2020-09-09,11.15,6.25
2020-09-10,12.52,7.83
2020-09-11,16.39,9.63
2020-09-12,21.79,11.52
2020-09-13,24.91,9.0
2020-09-14,26.43,12.6
2020-09-15,28.09,12.86
2020-09-16,25.25,12.74
2020-09-17,21.23,8.7
2020-09-18,20.5,6.65
2020-09-19,21.47,8.45
2020-09-20,23.41,10.04
2020-09-21,26.27,10.18
2020-09-22,27.36,12.09
2020-09-23,27.2,12.03
2020-09-24,28.41,14.05
2020-09-25,30.77,14.34
2020-09-26,30.94,16.69
2020-09-27,18.51,12.01
2020-09-28,17.22,9.3
2020-09-29,21.96,5.68
2020-09-30,19.26,11.54
2020-10-01,15.09,5.43
2020-10-02,14.68,1.66
2020-10-03,11.93,5.09
2020-10-04,15.62,3.18
2020-10-05,23.12,5.29
2020-10-06,26.88,9.29
2020-10-07,26.84,11.35
2020-10-08,24.31,8.8
2020-10-09,28.96,13.82
2020-10-10,24.14,11.97
2020-10-11,27.87,10.66
2020-10-12,19.67,9.69
2020-10-13,20.0,7.57
2020-10-14,23.08,8.09
2020-10-15,12.42,2.79
2020-10-16,11.52,0.14
2020-10-17,19.65,4.96
2020-10-18,7.59,0.61
2020-10-19,3.58,-1.94
2020-10-20,4.56,-1.84
2020-10-21,10.45,1.93
2020-10-22,13.43,1.64
2020-10-23,6.3,-2.89
2020-10-24,3.53,-5.78
2020-10-25,2.13,-3.02
2020-10-26,1.25,-5.09
2020-10-27,4.55,-5.67
2020-10-28,13.38,-4.1
2020-10-29,6.69,-2.65
2020-10-30,9.97,-3.44
2020-10-31,18.18,0.38
2020-11-01,6.61,-2.68
2020-11-02,15.53,-2.85
2020-11-03,23.23,2.9
2020-11-04,21.11,4.65
2020-11-05,23.5,6.25
2020-11-06,22.65,5.6
2020-11-07,22.49,10.85
2020-11-08,22.91,12.07
2020-11-09,22.52,5.62
2020-11-10,7.19,-3.79
2020-11-11,10.77,-5.45
2020-11-12,9.09,-5.82
2020-11-13,5.73,-7.09
2020-11-14,11.05,-3.21
2020-11-15,6.89,-2.36
2020-11-16,12.31,-2.7
2020-11-17,7.21,-4.9
2020-11-18,17.5,-1.04
2020-11-19,20.78,6.76
2020-11-20,10.74,2.0
2020-11-21,6.69,-3.26
2020-11-22,9.85,-1.54
2020-11-23,4.34,-4.39
2020-11-24,3.71,0.13
2020-11-25,5.34,-3.35
2020-11-26,6.35,-4.27
2020-11-27,6.07,-4.0
2020-11-28,12.21,-2.26
2020-11-29,4.01,-4.74
2020-11-30,0.39,-6.77
2020-12-01,3.97,-5.2
2020-12-02,4.97,-5.03
2020-12-03,4.59,-4.73
2020-12-04,8.05,-2.15
2020-12-05,7.4,-1.62
2020-12-06,3.63,-2.5
2020-12-07,3.69,-2.76
2020-12-08,8.06,-2.51
2020-12-09,10.68,-0.06
2020-12-10,12.32,-0.97
2020-12-11,2.0,-0.61
2020-12-12,1.3,-6.9
2020-12-13,-1.18,-8.12
2020-12-14,-6.15,-11.35
2020-12-15,-3.18,-7.25
2020-12-16,-1.4,-9.33
2020-12-17,0.04,-9.42
2020-12-18,3.76,-5.85
2020-12-19,-0.28,-8.2
2020-12-20,4.15,-7.89
2020-12-21,6.48,-3.0
2020-12-22,6.18,-3.17
2020-12-23,6.48,-10.79
2020-12-24,-9.38,-15.75
2020-12-25,-1.64,-16.16
2020-12-26,2.8,-7.98
2020-12-27,0.88,-5.87
2020-12-28,-2.0,-10.08
2020-12-29,-3.03,-6.9
2020-12-30,-2.8,-11.91
2020-12-31,-2.72,-11.3
2021-01-01,-3.64,-10.33
2021-01-02,-1.72,-10.35
2021-01-03,0.8,-9.44
2021-01-04,3.57,-5.39
2021-01-05,2.01,-8.04
2021-01-06,1.24,-3.91
2021-01-07,1.43,-4.41
2021-01-08,-0.58,-5.52
2021-01-09,-3.91,-7.07
2021-01-10,-0.96,-8.5
2021-01-11,4.58,-8.67
2021-01-12,6.88,-6.32
2021-01-13,6.83,-1.59
2021-01-14,3.87,-0.92
2021-01-15,2.35,-1.68
2021-01-16,-1.36,-4.73
2021-01-17,0.76,-5.42
2021-01-18,0.55,-6.8
2021-01-19,3.3,-11.84
2021-01-20,6.55,-12.33
2021-01-21,6.08,-6.06
2021-01-22,-5.15,-13.06
2021-01-23,-5.1,-13.29
2021-01-24,0.73,-6.19
2021-01-25,-3.45,-8.09
2021-01-26,-3.78,-10.3
2021-01-27,-3.5,-12.25
2021-01-28,-2.0,-13.83
2021-01-29,1.97,-9.38
2021-01-30,-0.46,-3.4
2021-01-31,0.98,-5.01
2021-02-01,-0.08,-7.91
2021-02-02,-1.29,-9.68
2021-02-03,3.74,-8.14
2021-02-04,0.51,-11.99
2021-02-05,-7.39,-15.31
2021-02-06,-12.78,-21.62
2021-02-07,-15.51,-23.0
2021-02-08,-11.5,-18.62
2021-02-09,-9.54,-21.13
2021-02-10,-8.55,-15.81
2021-02-11,-14.54,-18.31
2021-02-12,-17.55,-20.52
2021-02-13,-14.51,-20.91
2021-02-14,-19.73,-22.28
2021-02-15,-16.86,-25.21
2021-02-16,-11.77,-26.16
2021-02-17,-9.01,-19.12
2021-02-18,-6.15,-15.18
2021-02-19,-2.96,-15.86
2021-02-20,0.89,-15.82
2021-02-21,-0.75,-6.38
2021-02-22,4.02,-8.53
2021-02-23,10.44,-4.81
2021-02-24,6.86,-3.31
2021-02-25,7.23,-3.36
2021-02-26,9.17,-3.21
2021-02-27,13.61,-2.93
2021-02-28,6.22,-5.09
2021-03-01,3.95,-5.19
2021-03-02,12.86,-5.08
2021-03-03,16.88,-1.61
2021-03-04,13.05,-2.14
2021-03-05,10.16,-4.08
2021-03-06,14.34,-2.22
2021-03-07,18.58,1.41
2021-03-08,18.55,0.74
2021-03-09,21.52,7.01
2021-03-10,22.26,1.6
2021-03-11,12.13,-0.87
2021-03-12,10.96,-2.94
2021-03-13,13.61,-1.59
2021-03-14,10.07,0.1
2021-03-15,1.27,-3.51
2021-03-16,6.49,-4.22
2021-03-17,7.59,-0.31
2021-03-18,10.4,-1.66
2021-03-19,11.17,-4.53
2021-03-20,15.47,-3.45
2021-03-21,17.44,4.15
2021-03-22,12.05,5.17
2021-03-23,11.5,6.83
2021-03-24,8.51,2.49
2021-03-25,10.5,1.19
2021-03-26,11.48,0.4
2021-03-27,13.2,2.88
2021-03-28,9.74,-2.34
2021-03-29,22.76,1.07
2021-03-30,9.53,-1.02
2021-03-31,4.82,-5.27
2021-04-01,7.57,-6.19
2021-04-02,17.4,-2.89
2021-04-03,23.36,4.96
2021-04-04,27.44,5.42
2021-04-05,26.17,12.32
2021-04-06,23.59,15.27
2021-04-07,20.94,13.27
2021-04-08,17.07,8.5
2021-04-09,13.97,7.49
2021-04-10,10.05,4.29
2021-04-11,17.74,3.3
2021-04-12,14.36,2.69
2021-04-13,11.47,0.03
2021-04-14,10.72,-2.18
2021-04-15,10.18,-0.79
2021-04-16,13.78,0.88
2021-04-17,16.89,5.4
2021-04-18,17.51,2.74
2021-04-19,7.44,0.43
2021-04-20,7.64,-1.37
2021-04-21,8.66,-0.36
2021-04-22,15.92,-2.11
2021-04-23,13.1,5.27
2021-04-24,15.51,3.22
2021-04-25,15.31,1.48
2021-04-26,29.96,9.13
2021-04-27,27.92,12.71
2021-04-28,19.29,9.66
2021-04-29,22.72,7.6
2021-04-30,22.7,8.08
2021-05-01,30.2,11.61
2021-05-02,29.12,14.59
2021-05-03,19.58,10.57
2021-05-04,17.92,6.28
2021-05-05,19.54,4.3
2021-05-06,17.65,4.88
2021-05-07,19.12,6.77
2021-05-08,12.92,1.89
2021-05-09,16.14,2.2
2021-05-10,16.04,5.26
2021-05-11,16.21,2.43
2021-05-12,18.74,5.14
2021-05-13,20.71,5.67
2021-05-14,18.62,8.19
2021-05-15,23.04,11.9
2021-05-16,19.99,10.47
2021-05-17,22.07,12.76
2021-05-18,22.68,14.1
2021-05-19,24.99,16.82
2021-05-20,24.8,18.18
2021-05-21,27.01,19.07
2021-05-22,28.23,17.15
2021-05-23,28.91,17.2
2021-05-24,28.75,18.08
2021-05-25,26.36,18.91
2021-05-26,26.78,13.5
2021-05-27,20.49,7.13
2021-05-28,12.57,5.38
2021-05-29,19.76,2.5
2021-05-30,18.74,6.64
2021-05-31,23.67,10.17
2021-06-01,25.5,10.75
2021-06-02,27.53,11.84
2021-06-03,30.8,14.05
2021-06-04,33.15,16.14
2021-06-05,34.19,18.37
2021-06-06,30.28,20.04
2021-06-07,31.47,19.73
2021-06-08,32.41,19.29
2021-06-09,33.23,20.78
2021-06-10,34.91,22.36
2021-06-11,34.85,22.4
2021-06-12,32.54,19.72
2021-06-13,35.97,16.61
2021-06-14,32.84,20.35
2021-06-15,33.58,19.26
2021-06-16,34.03,16.87
2021-06-17,40.22,22.51
2021-06-18,35.21,22.66
2021-06-19,33.76,19.62
2021-06-20,30.99,16.71
2021-06-21,23.35,13.53
2021-06-22,28.55,10.74
2021-06-23,32.6,18.31
2021-06-24,30.69,22.49
2021-06-25,28.87,20.38
2021-06-26,26.11,18.74
2021-06-27,28.52,17.38
2021-06-28,29.59,19.19
2021-06-29,29.77,19.91
2021-06-30,30.12,19.5
2021-07-01,32.38,18.92
2021-07-02,32.38,20.29
2021-07-03,33.45,17.27
2021-07-04,34.86,20.08
2021-07-05,36.32,21.87
2021-07-06,35.21,23.37
2021-07-07,26.87,17.55
2021-07-08,26.53,14.84
2021-07-09,30.27,18.35
2021-07-10,21.49,17.31
2021-07-11,27.6,14.74
2021-07-12,27.61,13.8
2021-07-13,29.41,16.34
2021-07-14,30.08,20.43
2021-07-15,27.19,16.83
2021-07-16,28.82,15.77
2021-07-17,29.26,17.36
2021-07-18,30.0,17.52
2021-07-19,31.36,17.68
2021-07-20,32.49,20.09
2021-07-21,32.19,19.3
2021-07-22,31.44,19.88
2021-07-23,35.39,20.64
2021-07-24,36.31,22.76
2021-07-25,34.13,19.6
2021-07-26,34.66,20.95
2021-07-27,36.43,20.44
2021-07-28,34.82,23.3
2021-07-29,34.94,24.18
2021-07-30,29.38,20.5
2021-07-31,29.31,19.1
2021-08-01,28.77,17.01
2021-08-02,27.75,14.57
2021-08-03,29.41,16.91
2021-08-04,28.91,17.17
2021-08-05,27.52,17.84
2021-08-06,33.29,19.04
2021-08-07,31.28,21.87
2021-08-08,29.21,21.76
2021-08-09,33.98,18.73
2021-08-10,34.72,23.66
2021-08-11,34.74,21.36
2021-08-12,34.84,19.03
2021-08-13,31.36,16.88
2021-08-14,30.77,14.16
2021-08-15,30.18,15.61
2021-08-16,30.56,15.18
2021-08-17,33.23,17.67
2021-08-18,33.7,19.6
2021-08-19,34.04,20.79
2021-08-20,32.7,20.5
2021-08-21,26.45,16.58
2021-08-22,29.27,13.6
2021-08-23,34.27,20.62
2021-08-24,35.9,23.25
2021-08-25,33.8,22.49
2021-08-26,30.79,21.1
2021-08-27,33.36,22.75
2021-08-28,32.7,23.65
2021-08-29,28.23,20.15
2021-08-30,27.79,17.16
2021-08-31,25.11,17.17
2021-09-01,27.08,15.23
2021-09-02,24.95,15.08
2021-09-03,27.78,16.42
2021-09-04,25.76,16.27
2021-09-05,29.47,13.37
2021-09-06,31.54,14.4
2021-09-07,28.3,16.71
2021-09-08,26.59,12.73
2021-09-09,26.71,12.08
2021-09-10,30.66,13.05
2021-09-11,34.52,18.22
2021-09-12,26.35,17.54
2021-09-13,31.34,16.94
2021-09-14,25.6,15.91
2021-09-15,28.43,13.44
2021-09-16,31.93,14.69
2021-09-17,26.18,14.99
2021-09-18,30.83,12.03
2021-09-19,32.92,18.42
2021-09-20,28.73,13.29
2021-09-21,23.13,10.07
2021-09-22,21.83,8.15
2021-09-23,24.75,8.97
2021-09-24,19.83,9.71
2021-09-25,24.88,5.82
2021-09-26,30.92,12.65
2021-09-27,32.24,13.21
2021-09-28,31.49,14.22
2021-09-29,30.14,15.07
2021-09-30,27.4,19.0
2021-10-01,25.69,18.0
2021-10-02,25.72,14.8
2021-10-03,24.8,13.11
2021-10-04,24.64,9.45
2021-10-05,24.69,11.79
2021-10-06,24.44,13.79
2021-10-07,24.25,16.34
2021-10-08,28.58,15.0
2021-10-09,25.09,16.69
2021-10-10,21.7,14.84
2021-10-11,15.98,11.42
2021-10-12,23.13,7.5
2021-10-13,24.09,11.34
2021-10-14,18.91,6.25
2021-10-15,15.82,6.04
2021-10-16,17.26,2.48
2021-10-17,22.74,4.1
2021-10-18,24.57,6.79
2021-10-19,24.39,11.51
2021-10-20,19.76,5.78
2021-10-21,12.38,2.88
2021-10-22,10.3,0.55
2021-10-23,13.81,-0.54
2021-10-24,10.1,1.77
2021-10-25,11.76,1.99
2021-10-26,14.67,1.55
2021-10-27,14.64,8.32
2021-10-28,9.06,6.22
2021-10-29,13.79,4.41
2021-10-30,15.54,1.34
2021-10-31,10.67,0.13
2021-11-01,8.75,-1.68
2021-11-02,8.68,-4.08
2021-11-03,10.02,-3.72
2021-11-04,11.97,-1.36
2021-11-05,13.67,0.19
2021-11-06,16.49,4.29
2021-11-07,19.25,7.11
2021-11-08,18.12,5.87
2021-11-09,15.51,4.96
2021-11-10,12.43,4.8
2021-11-11,9.87,1.74
2021-11-12,2.05,-1.89
2021-11-13,4.68,-3.51
2021-11-14,4.51,-1.73
2021-11-15,8.13,-1.37
2021-11-16,16.88,-0.87
2021-11-17,7.49,-1.36
2021-11-18,2.73,-4.26
2021-11-19,6.26,-4.8
2021-11-20,11.53,-0.32
2021-11-21,7.61,-4.55
2021-11-22,3.99,-4.6
2021-11-23,12.09,-3.49
2021-11-24,12.35,-1.0
2021-11-25,-1.38,-8.02
2021-11-26,4.98,-5.4
2021-11-27,12.3,-1.11
2021-11-28,5.96,-4.14
2021-11-29,14.87,-1.03
2021-11-30,11.89,0.78
2021-12-01,11.95,2.43
2021-12-02,14.14,5.37
2021-12-03,12.26,1.93
2021-12-04,6.11,-2.33
2021-12-05,8.5,-1.77
2021-12-06,-2.23,-8.07
2021-12-07,3.07,-7.64
2021-12-08,0.14,-7.66
2021-12-09,9.24,-1.63
2021-12-10,1.96,-2.04
2021-12-11,4.19,-2.37
2021-12-12,7.72,-2.5
2021-12-13,7.56,-2.65
2021-12-14,10.5,-0.78
2021-12-15,20.71,1.03
2021-12-16,3.43,-4.07
2021-12-17,2.57,-4.22
2021-12-18,-2.09,-5.53
2021-12-19,1.08,-6.41
2021-12-20,1.59,-8.83
2021-12-21,2.87,-10.21
2021-12-22,4.37,-9.53
2021-12-23,6.36,-1.96
2021-12-24,3.98,1.26
2021-12-25,5.55,-2.65
2021-12-26,3.52,-3.26
2021-12-27,2.96,-3.36
2021-12-28,1.3,-9.84
2021-12-29,-6.85,-13.65
2021-12-30,-0.16,-9.28
2021-12-31,0.71,-10.88
2022-01-01,-11.53,-17.77
2022-01-02,-11.02,-21.36
2022-01-03,1.91,-14.57
2022-01-04,1.02,-8.21
2022-01-05,-9.64,-15.42
2022-01-06,-15.75,-20.74
2022-01-07,-9.99,-20.77
2022-01-08,-3.14,-13.4
2022-01-09,-5.99,-15.52
2022-01-10,-6.73,-12.14
2022-01-11,6.0,-13.31
2022-01-12,8.13,-0.72
2022-01-13,5.81,-2.52
2022-01-14,1.03,-6.88
2022-01-15,-7.55,-16.0
2022-01-16,-2.67,-17.14
2022-01-17,-0.07,-9.94
2022-01-18,3.53,-6.12
2022-01-19,-6.98,-20.08
2022-01-20,-13.57,-23.37
2022-01-21,-8.53,-21.97
2022-01-22,0.79,-9.28
2022-01-23,0.45,-15.74
2022-01-24,-1.69,-18.26
2022-01-25,-10.59,-21.93
2022-01-26,-3.63,-21.69
2022-01-27,1.81,-13.98
2022-01-28,-5.93,-18.87
2022-01-29,2.94,-11.87
2022-01-30,-3.9,-10.18
2022-01-31,3.49,-8.73
2022-02-01,0.77,-9.69
2022-02-02,-9.71,-15.08
2022-02-03,-10.37,-19.24
2022-02-04,-6.83,-18.35
2022-02-05,4.63,-18.22
2022-02-06,2.54,-11.78
2022-02-07,2.1,-13.61
2022-02-08,4.5,-5.2
2022-02-09,6.38,-3.65
2022-02-10,3.82,-7.87
2022-02-11,4.36,-11.99
2022-02-12,-8.25,-17.0
2022-02-13,-9.01,-14.03
2022-02-14,-0.44,-12.15
2022-02-15,9.08,-9.05
2022-02-16,4.31,-4.69
2022-02-17,-5.32,-11.85
2022-02-18,9.32,-13.31
2022-02-19,-1.58,-14.21
2022-02-20,13.62,-5.91
2022-02-21,11.17,-1.45
2022-02-22,-2.3,-13.97
2022-02-23,-10.5,-16.31
2022-02-24,-6.1,-14.74
2022-02-25,-3.87,-13.96
2022-02-26,5.53,-13.47
2022-02-27,7.69,-8.85
2022-02-28,14.2,-3.26
2022-03-01,15.17,0.6
2022-03-02,18.55,-1.73
2022-03-03,4.64,-3.03
2022-03-04,10.14,-3.89
2022-03-05,18.48,0.29
2022-03-06,4.95,-4.2
2022-03-07,2.51,-6.3
2022-03-08,6.87,-7.65
2022-03-09,-1.94,-6.08
2022-03-10,-4.04,-8.36
2022-03-11,-4.66,-12.99
2022-03-12,-0.72,-14.71
2022-03-13,12.95,-3.04
2022-03-14,13.56,-0.21
2022-03-15,15.15,-1.78
2022-03-16,20.71,0.18
2022-03-17,7.89,3.83
2022-03-18,4.69,-0.06
2022-03-19,14.62,-2.47
2022-03-20,18.99,2.92
2022-03-21,21.65,6.73
2022-03-22,10.93,2.4
2022-03-23,5.35,0.85
2022-03-24,7.0,-0.39
2022-03-25,9.95,-1.19
2022-03-26,4.53,-5.69
2022-03-27,3.05,-6.3
2022-03-28,5.01,-4.67
2022-03-29,10.06,-1.37
2022-03-30,11.49,0.02
2022-03-31,6.2,-4.31
2022-04-01,9.23,-4.32
2022-04-02,12.61,0.05
2022-04-03,13.42,-2.56
2022-04-04,12.64,0.35
2022-04-05,12.28,1.05
2022-04-06,9.22,1.23
2022-04-07,7.95,-0.8
2022-04-08,9.77,-1.78
2022-04-09,13.95,-4.39
2022-04-10,20.59,2.12
2022-04-11,17.21,0.91
2022-04-12,24.43,3.68
2022-04-13,14.43,-0.92
2022-04-14,9.21,-3.73
2022-04-15,8.48,-3.35
2022-04-16,8.74,-4.56
2022-04-17,6.13,-3.08
2022-04-18,7.99,-4.2
2022-04-19,9.55,-4.95
2022-04-20,10.35,3.36
2022-04-21,20.44,3.29
2022-04-22,23.26,9.84
2022-04-23,23.25,9.18
2022-04-24,14.44,4.93
2022-04-25,8.51,-1.25
2022-04-26,14.92,-4.31
2022-04-27,20.16,2.28
2022-04-28,19.38,3.96
2022-04-29,18.6,11.52
2022-04-30,16.82,6.76
2022-05-01,13.58,4.23
2022-05-02,10.17,2.19
2022-05-03,15.03,3.17
2022-05-04,16.71,3.13
2022-05-05,15.16,8.39
2022-05-06,18.13,7.64
2022-05-07,22.04,5.74
2022-05-08,20.12,10.98
2022-05-09,31.9,16.0
2022-05-10,29.56,15.47
2022-05-11,29.58,21.26
2022-05-12,30.68,20.49
2022-05-13,23.9,17.36
2022-05-14,29.51,14.65
2022-05-15,24.63,12.25
2022-05-16,26.25,9.46
2022-05-17,25.0,12.05
2022-05-18,26.3,15.32
2022-05-19,29.72,16.7
2022-05-20,20.96,10.49
2022-05-21,17.15,6.03
2022-05-22,18.39,3.68
2022-05-23,17.41,5.9
2022-05-24,17.87,8.84
2022-05-25,16.14,9.57
2022-05-26,15.17,8.79
2022-05-27,25.13,6.48
2022-05-28,28.67,12.81
2022-05-29,29.81,18.17
2022-05-30,29.83,21.04
2022-05-31,26.05,15.63
2022-06-01,21.56,11.7
2022-06-02,25.42,8.63
2022-06-03,25.89,11.04
2022-06-04,24.85,13.32
2022-06-05,25.22,14.77
2022-06-06,22.31,15.66
2022-06-07,25.97,13.54
2022-06-08,24.13,14.89
2022-06-09,25.62,13.52
2022-06-10,23.46,16.29
2022-06-11,24.4,15.84
2022-06-12,30.9,17.39
2022-06-13,33.53,22.88
2022-06-14,33.63,23.78
2022-06-15,28.53,17.08
2022-06-16,29.81,14.99
2022-06-17,29.25,15.8
2022-06-18,29.89,16.43
2022-06-19,32.36,16.96
2022-06-20,33.25,20.03
2022-06-21,33.16,19.93
2022-06-22,30.4,17.45
2022-06-23,31.67,18.47
2022-06-24,27.99,20.58
2022-06-25,28.47,18.6
2022-06-26,25.29,13.28
2022-06-27,27.7,12.33
2022-06-28,29.61,14.43
2022-06-29,33.41,17.94
2022-06-30,32.91,20.18
2022-07-01,29.66,18.88
2022-07-02,30.97,16.26
2022-07-03,31.82,16.43
2022-07-04,31.84,21.94
2022-07-05,33.92,24.21
2022-07-06,27.68,22.44
2022-07-07,27.04,21.85
2022-07-08,28.63,21.18
2022-07-09,28.56,18.3
2022-07-10,32.3,18.78
2022-07-11,28.56,19.4
2022-07-12,29.13,16.5
2022-07-13,30.89,17.34
2022-07-14,34.69,19.61
2022-07-15,34.02,21.95
2022-07-16,29.07,21.23
2022-07-17,30.97,19.79
2022-07-18,33.79,19.38
2022-07-19,34.51,19.8
2022-07-20,32.8,21.28
2022-07-21,33.86,20.78
2022-07-22,36.06,18.87
2022-07-23,38.46,23.56
2022-07-24,30.51,19.7
2022-07-25,26.0,17.39
2022-07-26,30.36,16.65
2022-07-27,31.98,20.14
2022-07-28,27.83,17.42
2022-07-29,29.04,14.78
2022-07-30,30.99,15.08
2022-07-31,33.22,16.46
2022-08-01,34.18,20.12
2022-08-02,38.38,21.73
2022-08-03,37.16,22.03
2022-08-04,32.1,17.81
2022-08-05,35.35,17.87
2022-08-06,39.29,22.4
2022-08-07,36.57,24.23
2022-08-08,28.8,18.23
2022-08-09,31.49,16.19
2022-08-10,34.4,16.66
2022-08-11,33.97,19.88
2022-08-12,33.77,18.73
2022-08-13,33.86,20.3
2022-08-14,28.44,16.59
2022-08-15,22.66,16.88
2022-08-16,29.46,16.11
2022-08-17,30.38,16.29
2022-08-18,31.68,17.4
2022-08-19,29.55,17.85
2022-08-20,26.14,17.29
2022-08-21,29.42,15.9
2022-08-22,29.82,16.24
2022-08-23,31.94,15.9
2022-08-24,33.71,19.96
2022-08-25,31.36,19.93
2022-08-26,31.61,16.62
2022-08-27,31.98,19.95
2022-08-28,30.71,19.32
2022-08-29,27.76,18.42
2022-08-30,27.87,14.51
2022-08-31,32.11,15.13
2022-09-01,32.41,18.91
2022-09-02,33.66,17.05
2022-09-03,28.12,16.69
2022-09-04,26.92,16.52
2022-09-05,28.15,15.42
2022-09-06,29.13,15.9
2022-09-07,30.71,17.5
2022-09-08,32.45,16.75
2022-09-09,31.57,16.17
2022-09-10,18.25,12.34
2022-09-11,24.52,9.83
2022-09-12,25.18,10.73
2022-09-13,27.31,11.22
2022-09-14,31.94,13.01
2022-09-15,30.31,16.67
2022-09-16,30.61,16.97
2022-09-17,27.93,17.38
2022-09-18,30.38,18.19
2022-09-19,30.41,15.71
2022-09-20,36.17,21.11
2022-09-21,25.55,12.7
2022-09-22,18.87,10.57
2022-09-23,18.3,11.33
2022-09-24,26.74,10.93
2022-09-25,24.34,12.01
2022-09-26,21.87,8.57
2022-09-27,21.83,6.65
2022-09-28,18.81,2.5
2022-09-29,21.59,4.08
2022-09-30,23.63,7.49
2022-10-01,24.45,8.98
2022-10-02,24.57,9.29
2022-10-03,24.74,10.64
2022-10-04,26.54,10.28
2022-10-05,20.11,12.33
2022-10-06,20.11,6.51
2022-10-07,13.81,3.26
2022-10-08,17.86,0.29
2022-10-09,23.9,4.78
2022-10-10,26.0,7.34
2022-10-11,25.41,13.13
2022-10-12,20.03,8.36
2022-10-13,11.49,1.34
2022-10-14,15.08,0.17
2022-10-15,18.65,-0.72
2022-10-16,12.63,1.2
2022-10-17,6.21,-3.74
2022-10-18,6.78,-6.09
2022-10-19,7.72,-5.32
2022-10-20,18.57,0.5
2022-10-21,24.16,6.04
2022-10-22,27.04,7.77
2022-10-23,27.59,13.47
2022-10-24,21.65,4.78
2022-10-25,11.25,3.13
2022-10-26,14.49,0.92
2022-10-27,14.83,3.62
2022-10-28,17.55,0.88
2022-10-29,19.0,1.94
2022-10-30,17.04,8.28
2022-10-31,19.21,4.31
2022-11-01,24.46,4.49
2022-11-02,23.53,8.83
2022-11-03,21.71,12.35
2022-11-04,9.88,3.28
2022-11-05,10.22,0.9
2022-11-06,14.16,2.24
2022-11-07,9.74,-2.35
2022-11-08,13.04,1.28
2022-11-09,23.62,9.91
2022-11-10,19.88,-2.43
2022-11-11,0.81,-7.01
2022-11-12,-0.03,-5.52
2022-11-13,0.65,-6.36
2022-11-14,3.67,-3.56
2022-11-15,0.53,-4.17
2022-11-16,-0.65,-7.3
2022-11-17,0.5,-6.71
2022-11-18,-5.22,-9.77
2022-11-19,-2.67,-10.61
2022-11-20,5.8,-10.64
2022-11-21,6.0,-4.22
2022-11-22,9.59,-4.71
2022-11-23,8.19,-1.15
2022-11-24,8.8,-0.47
2022-11-25,11.18,-3.53
2022-11-26,11.68,-1.78
2022-11-27,6.83,-2.03
2022-11-28,9.56,-4.29
2022-11-29,1.93,-4.68
2022-11-30,-2.36,-6.96
2022-12-01,5.68,-6.61
2022-12-02,7.85,-5.99
2022-12-03,-2.73,-10.33
2022-12-04,4.74,-8.88
2022-12-05,5.52,-2.77
2022-12-06,4.66,-2.23
2022-12-07,4.08,-4.29
2022-12-08,2.38,-5.78
2022-12-09,2.48,-1.52
2022-12-10,3.83,-4.57
2022-12-11,2.15,-5.37
2022-12-12,1.39,-4.13
2022-12-13,1.86,-1.16
2022-12-14,2.21,-3.09
2022-12-15,-0.95,-5.55
2022-12-16,-4.74,-8.06
2022-12-17,-7.67,-12.44
2022-12-18,-8.07,-17.55
2022-12-19,0.27,-12.57
2022-12-20,-10.3,-17.42
2022-12-21,-7.99,-16.11
2022-12-22,-14.49,-23.97
2022-12-23,-18.98,-23.43
2022-12-24,-14.22,-23.45
2022-12-25,-10.7,-25.17
2022-12-26,-11.5,-19.65
2022-12-27,-1.33,-20.36
2022-12-28,3.76,-2.91
2022-12-29,7.78,-2.35
2022-12-30,2.17,-6.41
2022-12-31,3.66,-2.7
2023-01-01,2.01,-3.79
2023-01-02,2.21,-2.54
2023-01-03,2.06,-4.05
2023-01-04,-1.95,-5.71
2023-01-05,-1.55,-11.95
2023-01-06,-2.95,-12.05
2023-01-07,-6.68,-20.57
2023-01-08,-0.24,-14.04
2023-01-09,2.86,-8.42
2023-01-10,1.11,-6.42
2023-01-11,1.48,-3.32
2023-01-12,-2.62,-7.84
2023-01-13,-4.38,-11.19
2023-01-14,2.33,-11.23
2023-01-15,5.18,-1.68
2023-01-16,10.45,0.49
2023-01-17,3.89,-3.14
2023-01-18,2.02,-2.9
2023-01-19,-0.7,-4.14
2023-01-20,-1.13,-8.34
2023-01-21,-0.17,-5.84
2023-01-22,-2.63,-9.1
2023-01-23,0.82,-10.24
2023-01-24,2.11,-7.29
2023-01-25,-1.54,-11.52
2023-01-26,-5.19,-14.68
2023-01-27,1.29,-8.01
2023-01-28,-7.71,-13.63
2023-01-29,-12.88,-19.75
2023-01-30,-11.59,-18.73
2023-01-31,-6.5,-21.06
2023-02-01,0.08,-16.71
2023-02-02,-4.64,-20.76
2023-02-03,-10.94,-22.75
2023-02-04,5.04,-12.32
2023-02-05,3.48,-4.56
2023-02-06,9.37,-3.71
2023-02-07,5.57,-2.37
2023-02-08,9.34,-2.47
2023-02-09,2.57,-4.65
2023-02-10,3.11,-8.35
2023-02-11,8.14,-4.48
2023-02-12,9.25,-2.92
2023-02-13,11.8,-2.59
2023-02-14,9.14,-0.16
2023-02-15,2.48,-5.48
2023-02-16,-1.68,-9.33
2023-02-17,1.53,-12.47
2023-02-18,6.11,-6.8
2023-02-19,7.93,-2.94
2023-02-20,9.12,-4.06
2023-02-21,1.05,-7.88
2023-02-22,-0.86,-3.69
2023-02-23,-3.92,-14.6
2023-02-24,-5.51,-15.18
2023-02-25,4.82,-13.4
2023-02-26,10.79,-5.16
2023-02-27,9.48,-2.27
2023-02-28,5.23,-3.54
2023-03-01,11.03,-3.4
2023-03-02,3.91,-4.22
2023-03-03,8.58,-1.99
2023-03-04,9.9,-2.48
2023-03-05,10.71,-2.73
2023-03-06,8.83,-2.43
2023-03-07,7.21,-2.68
2023-03-08,5.0,-0.72
2023-03-09,2.73,-2.55
2023-03-10,4.31,-3.54
2023-03-11,2.52,-3.61
2023-03-12,0.48,-5.03
2023-03-13,0.3,-5.89
2023-03-14,3.22,-6.48
2023-03-15,11.3,-2.24
2023-03-16,7.31,-5.56
2023-03-17,1.68,-10.6
2023-03-18,-2.94,-11.32
2023-03-19,5.86,-12.1
2023-03-20,11.12,-2.63
2023-03-21,13.03,0.92
2023-03-22,11.45,0.45
2023-03-23,7.47,-3.02
2023-03-24,11.23,-4.61
2023-03-25,12.09,-0.87
2023-03-26,6.55,-3.43
2023-03-27,8.91,-5.3
2023-03-28,8.21,-4.93
2023-03-29,4.79,-4.94
2023-03-30,17.46,-3.09
2023-03-31,23.58,1.26
2023-04-01,10.64,-0.25
2023-04-02,20.84,0.19
2023-04-03,13.92,1.2
2023-04-04,26.21,3.7
2023-04-05,7.41,-3.45
2023-04-06,11.81,-5.39
2023-04-07,18.07,-2.35
2023-04-08,20.24,2.38
2023-04-09,21.06,5.0
2023-04-10,21.34,8.13
2023-04-11,25.05,8.44
2023-04-12,27.42,12.06
2023-04-13,26.47,10.45
2023-04-14,26.6,11.99
2023-04-15,16.25,2.8
2023-04-16,3.25,0.75
2023-04-17,15.3,0.05
2023-04-18,16.95,-0.43
2023-04-19,23.91,9.56
2023-04-20,17.66,4.18
2023-04-21,8.44,1.09
2023-04-22,7.09,-0.97
2023-04-23,10.46,-3.24
2023-04-24,15.82,-1.83
2023-04-25,14.89,0.88
2023-04-26,16.99,1.11
2023-04-27,21.18,3.36
2023-04-28,19.41,8.19
2023-04-29,14.37,2.64
2023-04-30,13.54,3.47
2023-05-01,15.42,2.27
2023-05-02,17.11,2.17
2023-05-03,21.02,1.36
2023-05-04,25.92,6.02
2023-05-05,20.14,8.51
2023-05-06,24.81,13.88
2023-05-07,28.08,13.81
2023-05-08,26.29,12.67
2023-05-09,21.03,11.64
2023-05-10,24.47,12.24
2023-05-11,26.32,15.44
2023-05-12,25.6,17.32
2023-05-13,27.12,18.76
2023-05-14,19.5,10.71
2023-05-15,19.55,9.94
2023-05-16,26.45,10.68
2023-05-17,25.27,12.27
2023-05-18,28.2,13.6
2023-05-19,18.36,7.86
2023-05-20,22.33,5.65
2023-05-21,24.69,9.05
2023-05-22,26.26,13.41
2023-05-23,27.72,12.5
2023-05-24,29.32,15.49
2023-05-25,25.96,12.64
2023-05-26,25.57,9.07
2023-05-27,26.88,8.57
2023-05-28,28.05,11.6
2023-05-29,29.4,13.34
2023-05-30,29.94,16.25
2023-05-31,28.74,18.42
2023-06-01,24.11,19.18
2023-06-02,29.44,18.65
2023-06-03,31.21,19.35
2023-06-04,31.22,18.56
2023-06-05,28.87,16.46
2023-06-06,31.59,17.67
2023-06-07,26.96,20.28
2023-06-08,26.05,16.17
2023-06-09,27.96,14.61
2023-06-10,24.6,15.7
2023-06-11,22.97,11.39
2023-06-12,25.9,9.25
2023-06-13,29.03,12.74
2023-06-14,31.5,15.75
2023-06-15,32.77,17.99
2023-06-16,28.55,14.43
2023-06-17,29.75,16.3
2023-06-18,27.92,16.21
2023-06-19,31.45,17.26
2023-06-20,31.53,17.47
2023-06-21,31.53,17.23
2023-06-22,32.73,17.54
2023-06-23,33.48,22.37
2023-06-24,32.49,20.14
2023-06-25,26.59,16.68
2023-06-26,27.37,16.37
2023-06-27,30.21,14.91
2023-06-28,31.49,17.34
2023-06-29,32.69,19.87
2023-06-30,27.28,21.9
2023-07-01,25.0,19.44
2023-07-02,30.61,17.91
2023-07-03,33.03,19.11
2023-07-04,33.33,20.64
2023-07-05,26.73,17.28
2023-07-06,26.33,13.34
2023-07-07,20.48,13.9
2023-07-08,26.77,11.84
2023-07-09,29.37,12.62
2023-07-10,32.76,16.6
2023-07-11,32.18,19.06
2023-07-12,27.68,19.0
2023-07-13,29.66,17.23
2023-07-14,28.2,19.05
2023-07-15,30.34,16.63
2023-07-16,27.83,16.0
2023-07-17,26.32,16.01
2023-07-18,27.66,13.83
2023-07-19,29.74,16.2
2023-07-20,29.12,18.77
2023-07-21,28.59,15.84
2023-07-22,31.25,17.68
2023-07-23,31.67,17.46
2023-07-24,33.94,17.71
2023-07-25,35.06,20.01
2023-07-26,38.24,22.86
2023-07-27,36.42,21.84
2023-07-28,38.32,23.0
2023-07-29,33.66,21.4
2023-07-30,31.19,18.14
2023-07-31,33.32,18.23
2023-08-01,33.02,20.13
2023-08-02,26.39,21.73
2023-08-03,32.88,20.68
2023-08-04,33.3,22.62
2023-08-05,26.19,19.51
2023-08-06,24.92,17.91
2023-08-07,27.46,17.38
2023-08-08,29.26,16.4
2023-08-09,25.4,19.05
2023-08-10,30.96,16.87
2023-08-11,31.99,19.84
2023-08-12,30.74,18.05
2023-08-13,27.12,19.08
2023-08-14,25.3,15.9
2023-08-15,27.42,12.28
2023-08-16,31.0,14.61
2023-08-17,27.13,16.3
2023-08-18,29.0,13.1
2023-08-19,36.32,17.7
2023-08-20,36.18,24.02
2023-08-21,36.32,22.81
2023-08-22,37.83,21.91
2023-08-23,39.55,24.08
2023-08-24,38.5,25.18
2023-08-25,33.0,23.24
2023-08-26,29.23,18.58
2023-08-27,28.21,14.78
2023-08-28,31.5,15.37
2023-08-29,31.09,17.77
2023-08-30,30.25,15.99
2023-08-31,29.71,14.17
2023-09-01,32.76,14.02
2023-09-02,36.71,16.0
2023-09-03,37.38,17.36
2023-09-04,35.15,19.08
2023-09-05,34.91,21.53
2023-09-06,26.98,14.5
2023-09-07,26.99,10.97
2023-09-08,28.72,12.89
2023-09-09,30.87,13.0
2023-09-10,25.54,16.25
2023-09-11,24.06,13.96
2023-09-12,26.07,11.18
2023-09-13,27.02,10.19
2023-09-14,28.51,10.53
2023-09-15,28.52,13.73
2023-09-16,27.26,13.24
2023-09-17,25.44,10.92
2023-09-18,28.06,10.68
2023-09-19,30.42,15.85
2023-09-20,27.21,16.49
2023-09-21,28.36,13.96
2023-09-22,23.3,15.27
2023-09-23,29.08,18.02
2023-09-24,26.74,13.52
2023-09-25,27.06,14.41
2023-09-26,24.43,12.52
2023-09-27,25.43,12.07
2023-09-28,26.64,12.55
2023-09-29,33.69,15.42
2023-09-30,34.98,19.36
2023-10-01,33.9,17.88
2023-10-02,32.77,16.3
2023-10-03,29.61,18.1
2023-10-04,24.09,13.38
2023-10-05,23.04,10.84
2023-10-06,13.85,7.39
2023-10-07,16.62,3.52
2023-10-08,22.23,4.88
2023-10-09,17.41,4.09
2023-10-10,18.34,2.31
2023-10-11,19.09,6.26
2023-10-12,18.57,10.16
2023-10-13,18.9,9.74
2023-10-14,14.59,8.25
2023-10-15,14.09,5.99
2023-10-16,17.78,3.73
2023-10-17,20.95,3.97
2023-10-18,21.19,9.16
2023-10-19,17.66,8.44
2023-10-20,22.89,6.01
2023-10-21,19.3,7.3
2023-10-22,17.7,4.03
2023-10-23,26.75,9.19
2023-10-24,26.68,15.8
2023-10-25,20.32,12.89
2023-10-26,23.15,16.41
2023-10-27,15.73,-0.21
2023-10-28,5.79,-2.07
2023-10-29,5.07,-3.07
2023-10-30,5.32,-5.23
2023-10-31,3.2,-4.84
2023-11-01,8.88,-5.72
2023-11-02,14.53,-2.3
2023-11-03,12.53,3.52
2023-11-04,13.86,-0.18
2023-11-05,18.58,2.89
2023-11-06,20.09,7.43
2023-11-07,15.45,3.48
2023-11-08,16.4,6.21
2023-11-09,15.17,0.84
2023-11-10,8.79,-2.23
2023-11-11,10.59,-0.91
2023-11-12,17.91,1.02
2023-11-13,18.25,1.02
2023-11-14,19.56,3.04
2023-11-15,19.42,3.36
2023-11-16,18.25,7.32
2023-11-17,9.85,-1.3
2023-11-18,16.36,-1.2
2023-11-19,11.68,2.53
2023-11-20,11.51,4.11
2023-11-21,7.12,-2.61
2023-11-22,9.64,-4.65
2023-11-23,5.29,-2.99
2023-11-24,-1.63,-5.74
2023-11-25,2.63,-3.07
2023-11-26,2.16,-6.31
2023-11-27,-1.26,-7.82
2023-11-28,1.77,-8.36
2023-11-29,9.34,-3.35
2023-11-30,7.68,-2.21
2023-12-01,2.53,-1.88
2023-12-02,4.01,-2.75
2023-12-03,4.46,-2.11
2023-12-04,1.71,-3.25
2023-12-05,3.79,-2.94
2023-12-06,9.18,-3.49
2023-12-07,13.12,0.07
2023-12-08,12.0,3.27
2023-12-09,2.87,-4.31
2023-12-10,2.75,-6.0
2023-12-11,5.03,-4.89
2023-12-12,1.88,-4.35
2023-12-13,7.54,-3.28
2023-12-14,10.54,-2.6
2023-12-15,6.54,-0.68
2023-12-16,6.15,0.08
2023-12-17,6.2,-2.28
2023-12-18,-0.74,-5.73
2023-12-19,4.56,-5.42
2023-12-20,6.41,-2.51
2023-12-21,7.1,0.91
2023-12-22,12.24,4.53
2023-12-23,9.08,2.33
2023-12-24,14.36,6.72
2023-12-25,11.01,-1.19
2023-12-26,0.72,-4.27
2023-12-27,3.94,-2.56
2023-12-28,1.95,-3.96
2023-12-29,5.64,-3.2
2023-12-30,6.08,-3.41
2023-12-31,0.33,-5.36
2024-01-01,0.91,-5.94
2024-01-02,3.2,-3.64
2024-01-03,3.01,-5.2
2024-01-04,1.16,-6.84
2024-01-05,2.35,-4.08
2024-01-06,1.82,-4.27
2024-01-07,-0.96,-4.97
2024-01-08,1.05,-5.0
2024-01-09,-0.91,-8.47
2024-01-10,-1.29,-10.56
2024-01-11,-4.92,-9.95
2024-01-12,-8.9,-13.0
2024-01-13,-13.24,-25.61
2024-01-14,-20.13,-27.98
2024-01-15,-17.77,-29.08
2024-01-16,-14.48,-26.47
2024-01-17,-7.37,-21.92
2024-01-18,-8.88,-17.27
2024-01-19,-15.6,-24.22
2024-01-20,-13.21,-27.09
2024-01-21,-5.35,-22.21
2024-01-22,0.21,-4.56
2024-01-23,0.41,-3.68
2024-01-24,1.38,-2.24
2024-01-25,1.28,-0.19
2024-01-26,1.88,-3.73
2024-01-27,2.33,-3.97
2024-01-28,3.85,-3.66
2024-01-29,8.46,-3.27
2024-01-30,6.03,-2.22
2024-01-31,11.17,-2.81
2024-02-01,13.35,-0.18
2024-02-02,7.72,-1.15
2024-02-03,8.18,-1.84
2024-02-04,9.12,-2.59
2024-02-05,11.31,-2.8
2024-02-06,13.13,-2.01
2024-02-07,11.33,2.59
2024-02-08,14.96,1.45
2024-02-09,7.15,-2.75
2024-02-10,4.43,-3.79
2024-02-11,5.71,-3.24
2024-02-12,7.99,-4.31
2024-02-13,8.58,-2.7
2024-02-14,11.77,-3.16
2024-02-15,4.61,-5.11
2024-02-16,-0.89,-10.05
2024-02-17,-0.03,-10.23
2024-02-18,5.6,-6.36
2024-02-19,11.41,-4.15
2024-02-20,13.23,-1.8
2024-02-21,14.36,0.58
2024-02-22,17.11,1.84
2024-02-23,11.05,-2.76
2024-02-24,10.08,-5.46
2024-02-25,17.2,0.13
2024-02-26,23.25,-0.42
2024-02-27,11.12,-8.33
2024-02-28,-1.23,-11.27
2024-02-29,11.91,-3.93
2024-03-01,12.74,-1.5
2024-03-02,18.5,1.57
2024-03-03,23.51,5.04
2024-03-04,7.65,2.11
2024-03-05,12.97,-2.97
2024-03-06,13.38,-2.45
2024-03-07,15.0,0.69
2024-03-08,6.08,-1.85
2024-03-09,7.71,-5.33
2024-03-10,13.18,-3.93
2024-03-11,22.91,1.5
2024-03-12,18.61,7.33
2024-03-13,18.91,4.45
2024-03-14,13.19,5.41
2024-03-15,14.81,1.31
2024-03-16,11.61,0.97
2024-03-17,2.07,-6.01
2024-03-18,2.8,-6.88
2024-03-19,16.47,-2.52
2024-03-20,5.77,-3.78
2024-03-21,9.27,-4.32
2024-03-22,4.72,-5.52
2024-03-23,3.2,-6.9
2024-03-24,6.11,-0.78
2024-03-25,16.3,5.32
2024-03-26,7.42,-5.1
2024-03-27,4.9,-6.24
2024-03-28,12.45,-3.77
2024-03-29,16.11,0.59
2024-03-30,14.85,3.24
2024-03-31,15.7,3.74
2024-04-01,11.48,3.7
2024-04-02,9.85,1.79
2024-04-03,11.87,0.89
2024-04-04,12.46,-1.7
2024-04-05,14.14,1.16
2024-04-06,15.16,0.81
2024-04-07,19.17,5.77
2024-04-08,18.79,5.62
2024-04-09,18.79,2.72
2024-04-10,22.11,5.7
2024-04-11,14.61,5.93
2024-04-12,18.09,3.72
2024-04-13,27.65,4.48
2024-04-14,28.73,11.02
2024-04-15,26.23,8.42
2024-04-16,24.84,13.29
2024-04-17,19.76,9.36
2024-04-18,14.31,2.84
2024-04-19,12.52,-0.64
2024-04-20,10.29,-1.74
2024-04-21,16.38,-2.12
2024-04-22,18.99,1.77
2024-04-23,19.21,8.45
2024-04-24,19.06,3.75
2024-04-25,20.02,7.43
2024-04-26,19.1,9.0
2024-04-27,24.51,11.51
2024-04-28,20.36,13.76
2024-04-29,17.87,7.12
2024-04-30,26.3,7.09
2024-05-01,22.07,7.14
2024-05-02,19.33,9.4
2024-05-03,22.95,6.55
2024-05-04,17.02,9.93
2024-05-05,19.71,5.63
2024-05-06,24.02,9.95
2024-05-07,23.58,11.93
2024-05-08,24.73,11.22
2024-05-09,18.98,10.38
2024-05-10,24.22,7.6
2024-05-11,25.56,8.48
2024-05-12,28.54,12.91
2024-05-13,19.61,13.53
2024-05-14,22.75,11.31
2024-05-15,22.79,11.29
2024-05-16,24.38,13.08
2024-05-17,27.62,11.83
2024-05-18,28.96,15.24
2024-05-19,25.12,11.32
2024-05-20,27.39,19.97
2024-05-21,26.53,11.52
2024-05-22,22.38,9.6
2024-05-23,24.92,12.31
2024-05-24,22.18,10.44
2024-05-25,24.87,8.14
2024-05-26,22.0,14.2
2024-05-27,23.81,11.03
2024-05-28,21.6,10.38
2024-05-29,22.88,9.35
2024-05-30,25.17,11.45
2024-05-31,25.91,15.99
2024-06-01,25.36,15.0
2024-06-02,24.71,13.65
2024-06-03,27.64,19.53
2024-06-04,27.13,13.69
2024-06-05,27.28,11.81
2024-06-06,24.64,12.21
2024-06-07,27.58,11.98
2024-06-08,25.64,15.55
2024-06-09,26.74,13.41
2024-06-10,23.76,10.92
2024-06-11,30.24,12.47
2024-06-12,30.92,17.73
2024-06-13,31.43,18.92
2024-06-14,29.39,14.92
2024-06-15,28.31,17.31
2024-06-16,31.62,22.79
2024-06-17,31.38,24.13
2024-06-18,30.2,23.69
2024-06-19,22.82,17.78
2024-06-20,28.86,17.38
2024-06-21,31.45,21.44
2024-06-22,31.2,21.41
2024-06-23,30.16,18.03
2024-06-24,32.63,21.83
2024-06-25,31.12,23.26
2024-06-26,28.87,18.89
2024-06-27,27.35,16.44
2024-06-28,28.1,18.37
2024-06-29,25.94,15.32
2024-06-30,24.22,12.01
2024-07-01,23.26,14.74
2024-07-02,28.57,16.65
2024-07-03,28.26,15.93
2024-07-04,26.97,16.3
2024-07-05,24.97,15.24
2024-07-06,27.36,15.92
2024-07-07,27.45,18.84
2024-07-08,27.41,17.86
2024-07-09,28.19,18.24
2024-07-10,27.25,17.83
2024-07-11,28.11,17.1
2024-07-12,29.56,17.28
2024-07-13,30.58,22.02
2024-07-14,33.82,22.78
2024-07-15,32.59,22.71
2024-07-16,26.54,18.66
2024-07-17,25.7,15.91
2024-07-18,25.52,13.09
2024-07-19,27.98,14.11
2024-07-20,25.03,17.02
2024-07-21,27.01,17.37
2024-07-22,27.5,18.88
2024-07-23,29.27,18.55
2024-07-24,29.9,18.82
2024-07-25,29.89,18.28
2024-07-26,33.12,20.1
2024-07-27,32.7,21.42
2024-07-28,32.18,19.47
2024-07-29,30.85,21.55
2024-07-30,30.75,22.03
2024-07-31,30.67,22.89
2024-08-01,29.35,21.12
2024-08-02,30.56,19.42
2024-08-03,32.55,20.23
2024-08-04,35.85,19.4
2024-08-05,34.44,23.01
2024-08-06,24.68,17.12
2024-08-07,27.91,15.09
2024-08-08,25.35,14.4
2024-08-09,24.43,12.39
2024-08-10,26.79,11.67
2024-08-11,28.29,15.24
2024-08-12,22.47,15.51
2024-08-13,26.77,15.21
2024-08-14,26.71,17.68
2024-08-15,30.06,18.62
2024-08-16,30.12,19.06
2024-08-17,28.53,17.69
2024-08-18,29.38,16.98
2024-08-19,27.85,16.15
2024-08-20,27.62,16.2
2024-08-21,27.22,15.78
2024-08-22,27.08,13.03
2024-08-23,28.48,13.57
2024-08-24,33.35,17.31
2024-08-25,34.55,21.96
2024-08-26,39.24,22.65
2024-08-27,34.9,23.09
2024-08-28,32.87,21.57
2024-08-29,33.9,22.57
2024-08-30,25.76,18.47
2024-08-31,29.45,15.48
2024-09-01,25.36,13.95
2024-09-02,26.08,10.62
2024-09-03,27.28,11.44
2024-09-04,29.18,11.2
2024-09-05,28.1,16.01
2024-09-06,23.14,11.9
2024-09-07,23.61,8.98
2024-09-08,25.8,8.84
2024-09-09,29.68,10.57
2024-09-10,28.21,13.96
2024-09-11,31.32,14.31
2024-09-12,30.81,14.95
2024-09-13,27.24,16.17
2024-09-14,28.42,18.14
2024-09-15,30.45,17.81
2024-09-16,31.51,18.53
2024-09-17,31.66,18.34
2024-09-18,30.65,18.28
2024-09-19,30.99,18.99
2024-09-20,33.01,16.4
2024-09-21,32.67,18.34
2024-09-22,21.37,11.36
2024-09-23,23.71,8.11
2024-09-24,23.75,12.18
2024-09-25,26.5,11.52
2024-09-26,27.83,14.02
2024-09-27,28.02,12.48
2024-09-28,30.38,14.29
2024-09-29,29.91,13.98
2024-09-30,30.14,13.13
2024-10-01,20.73,9.62
2024-10-02,25.25,8.19
2024-10-03,28.42,9.51
2024-10-04,24.23,11.62
2024-10-05,34.2,11.78
2024-10-06,21.6,8.75
2024-10-07,21.15,5.11
2024-10-08,25.76,7.05
2024-10-09,28.79,9.08
2024-10-10,28.39,12.01
2024-10-11,29.27,12.87
2024-10-12,25.05,10.67
2024-10-13,15.92,7.3
2024-10-14,14.3,2.57
2024-10-15,13.87,1.41
2024-10-16,17.19,0.45
2024-10-17,21.25,2.56
2024-10-18,23.31,5.26
2024-10-19,25.53,6.83
2024-10-20,28.4,11.87
2024-10-21,27.06,11.91
2024-10-22,23.88,13.12
2024-10-23,17.34,6.13
2024-10-24,20.7,4.5
2024-10-25,17.18,6.69
2024-10-26,17.59,2.3
2024-10-27,20.08,3.3
2024-10-28,23.53,10.22
2024-10-29,27.94,17.45
2024-10-30,23.68,9.63
2024-10-31,10.9,1.62
2024-11-01,14.84,0.32
2024-11-02,14.81,3.23
2024-11-03,14.28,8.05
2024-11-04,17.82,9.77
2024-11-05,12.8,3.54
2024-11-06,12.74,1.4
2024-11-07,14.86,3.64
2024-11-08,17.13,3.03
2024-11-09,10.74,6.26
2024-11-10,15.37,6.44
2024-11-11,9.9,1.29
2024-11-12,11.37,-1.03
2024-11-13,10.8,2.37
2024-11-14,10.69,2.1
2024-11-15,16.05,-0.17
2024-11-16,14.97,4.3
2024-11-17,11.47,3.48
2024-11-18,15.79,4.01
2024-11-19,12.43,4.84
2024-11-20,3.8,-2.13
2024-11-21,5.47,-3.6
2024-11-22,5.58,-3.89
2024-11-23,8.67,-1.84
2024-11-24,12.64,0.86
2024-11-25,6.05,-5.11
2024-11-26,5.85,-5.48
2024-11-27,2.53,-3.34
2024-11-28,0.51,-6.71
2024-11-29,-4.17,-10.29
2024-11-30,-4.01,-11.32
2024-12-01,-3.15,-11.03
2024-12-02,-4.26,-9.81
2024-12-03,1.06,-10.53
2024-12-04,6.05,-11.1
2024-12-05,-5.31,-12.67
2024-12-06,3.4,-8.47
2024-12-07,10.15,-2.91
2024-12-08,11.31,-0.41
2024-12-09,9.95,-3.57
2024-12-10,2.56,-4.76
2024-12-11,-2.77,-12.92
2024-12-12,-9.11,-13.69
2024-12-13,-4.83,-12.65
2024-12-14,0.15,-4.68
2024-12-15,3.06,-2.03
2024-12-16,7.53,-1.59
2024-12-17,1.13,-2.8
2024-12-18,-1.04,-6.6
2024-12-19,6.72,-6.11
2024-12-20,-2.55,-8.47
2024-12-21,-1.16,-10.89
2024-12-22,5.11,-7.57
2024-12-23,4.35,-1.96
2024-12-24,2.69,-1.72
2024-12-25,3.3,-1.5
2024-12-26,2.9,-0.06
2024-12-27,3.7,1.68
2024-12-28,8.29,-0.71
2024-12-29,4.74,-0.71
2024-12-30,1.91,-0.95
2024-12-31,0.38,-4.74
2025-01-01,-0.56,-6.9
2025-01-02,-1.35,-8.47
2025-01-03,-4.5,-14.07
2025-01-04,-9.72,-16.06
2025-01-05,-9.56,-12.16
2025-01-06,-6.37,-16.78
2025-01-07,-4.88,-12.35
2025-01-08,-5.97,-17.42
2025-01-09,-0.53,-13.3
2025-01-10,-1.28,-9.51
2025-01-11,-0.23,-9.66
2025-01-12,-2.4,-13.88
2025-01-13,-7.33,-17.42
2025-01-14,-8.85,-19.7
2025-01-15,-3.08,-17.76
2025-01-16,4.09,-4.55
2025-01-17,6.51,-6.17
2025-01-18,-7.0,-14.63
2025-01-19,-14.49,-19.67
2025-01-20,-13.78,-24.25
2025-01-21,-11.92,-25.54
2025-01-22,1.31,-11.1
2025-01-23,-8.03,-15.88
2025-01-24,0.53,-15.94
2025-01-25,2.0,-8.54
2025-01-26,-1.47,-12.12
2025-01-27,5.72,-9.55
2025-01-28,8.78,-5.38
2025-01-29,8.57,-1.86
2025-01-30,10.36,-1.88
2025-01-31,10.04,-2.02
2025-02-01,3.35,-2.16
2025-02-02,13.06,-0.54
2025-02-03,5.63,-5.81
2025-02-04,-5.32,-9.29
2025-02-05,-0.73,-6.12
2025-02-06,2.98,-5.89
2025-02-07,2.47,-8.04
2025-02-08,1.99,-8.76
2025-02-09,-2.29,-12.63
2025-02-10,-1.06,-12.48
2025-02-11,-6.91,-12.92
2025-02-12,-10.76,-14.34
2025-02-13,-8.47,-19.42
2025-02-14,-1.86,-15.72
2025-02-15,-2.04,-9.2
2025-02-16,-9.55,-17.63
2025-02-17,-15.44,-19.35
2025-02-18,-13.46,-23.68
2025-02-19,-12.4,-20.22
2025-02-20,-8.37,-20.86
2025-02-21,-4.39,-18.86
2025-02-22,2.16,-13.93
2025-02-23,10.45,-6.98
2025-02-24,14.29,1.36
2025-02-25,13.51,-0.6
2025-02-26,13.51,1.25
2025-02-27,12.56,-0.91
2025-02-28,14.58,-3.2
2025-03-01,0.55,-6.85
2025-03-02,6.69,-5.08
2025-03-03,14.98,-1.4
2025-03-04,11.5,0.79
2025-03-05,0.46,-7.04
2025-03-06,7.04,-8.05
2025-03-07,3.13,-4.43
2025-03-08,9.02,-6.22
2025-03-09,15.67,-2.79
2025-03-10,22.4,0.49
2025-03-11,12.41,0.39
2025-03-12,17.28,-2.64
2025-03-13,21.45,1.7
2025-03-14,25.41,8.67
2025-03-15,8.46,-1.97
2025-03-16,7.46,-6.63
2025-03-17,22.23,-1.14
2025-03-18,22.27,4.4
2025-03-19,5.26,-0.09
2025-03-20,8.81,-5.06
2025-03-21,14.43,-0.79
2025-03-22,12.43,-4.87
2025-03-23,11.06,-0.1
2025-03-24,9.74,-3.66
2025-03-25,13.67,-0.49
2025-03-26,15.65,-2.29
2025-03-27,17.09,5.78
2025-03-28,26.16,12.72
2025-03-29,20.93,11.98
2025-03-30,14.1,-0.68
2025-03-31,12.02,-3.27
2025-04-01,6.16,-1.34
2025-04-02,18.63,4.23
2025-04-03,10.84,-0.07
2025-04-04,9.99,-0.27
2025-04-05,8.37,-1.97
2025-04-06,13.63,-3.82
2025-04-07,7.07,-3.54
2025-04-08,12.31,-5.09
2025-04-09,19.44,2.33
2025-04-10,16.19,6.11
2025-04-11,15.19,4.45
2025-04-12,20.71,2.49
2025-04-13,24.68,10.04
2025-04-14,16.07,5.69
2025-04-15,16.23,1.96
2025-04-16,22.54,1.76
2025-04-17,23.76,10.46
2025-04-18,17.59,6.99
2025-04-19,14.31,3.52
2025-04-20,11.18,3.76
2025-04-21,19.38,4.39
2025-04-22,22.21,9.06
2025-04-23,22.44,11.77
2025-04-24,21.03,10.3
2025-04-25,15.61,6.88
2025-04-26,17.29,2.87
2025-04-27,19.04,6.49
2025-04-28,26.61,12.8
2025-04-29,18.52,5.51
2025-04-30,19.69,5.46
2025-05-01,19.36,8.88
2025-05-02,16.06,6.04
2025-05-03,18.03,2.52
2025-05-04,22.27,5.72
2025-05-05,22.99,7.46
2025-05-06,24.58,7.15
2025-05-07,26.44,12.32
2025-05-08,23.12,10.09
2025-05-09,25.52,6.31
2025-05-10,29.45,11.0
2025-05-11,27.74,10.98
2025-05-12,28.02,10.09
2025-05-13,27.91,14.39
2025-05-14,29.04,14.8
2025-05-15,26.52,15.94
2025-05-16,23.36,10.03
2025-05-17,19.02,7.59
2025-05-18,23.15,4.24
2025-05-19,18.06,9.63
2025-05-20,16.8,9.39
2025-05-21,16.69,6.75
2025-05-22,16.91,4.46
2025-05-23,21.9,5.6
2025-05-24,21.41,10.08
2025-05-25,21.49,11.02
2025-05-26,19.56,9.23
2025-05-27,21.46,11.47
2025-05-28,19.56,11.64
2025-05-29,20.59,11.46
2025-05-30,26.94,11.45
2025-05-31,28.53,12.02
2025-06-01,28.26,15.04
2025-06-02,30.73,14.21
2025-06-03,21.81,13.55
2025-06-04,24.64,10.48
2025-06-05,24.26,13.79
2025-06-06,24.59,15.46
2025-06-07,22.29,16.56
2025-06-08,23.9,13.16
2025-06-09,20.46,11.06
2025-06-10,28.07,10.22
2025-06-11,32.93,13.67
2025-06-12,28.83,20.23
2025-06-13,28.66,17.93
2025-06-14,29.38,19.13
2025-06-15,27.15,19.8
2025-06-16,29.03,20.26
2025-06-17,25.05,18.04
2025-06-18,24.3,17.68
2025-06-19,29.59,15.22
2025-06-20,32.31,19.69
2025-06-21,34.47,25.2
2025-06-22,33.9,24.85
2025-06-23,31.1,21.26
2025-06-24,26.0,19.94
2025-06-25,29.77,20.28
2025-06-26,29.79,21.83
2025-06-27,28.23,19.05
2025-06-28,31.12,19.59
2025-06-29,28.8,20.93
2025-06-30,28.89,19.03
2025-07-01,29.47,17.13
2025-07-02,29.78,17.01
2025-07-03,32.24,19.69
2025-07-04,31.64,21.42
2025-07-05,28.4,22.67
2025-07-06,29.37,21.3
2025-07-07,29.31,18.3
2025-07-08,29.26,20.47
2025-07-09,30.59,19.14
2025-07-10,29.85,21.26
2025-07-11,26.05,19.3
2025-07-12,26.03,18.12
2025-07-13,27.14,15.54
2025-07-14,30.16,16.39
2025-07-15,30.32,19.12
2025-07-16,27.92,16.65
2025-07-17,23.47,14.01
2025-07-18,26.22,14.65
2025-07-19,30.23,21.51
2025-07-20,29.59,22.03
2025-07-21,30.1,19.6
2025-07-22,30.38,22.62
2025-07-23,31.56,24.64
2025-07-24,27.25,21.82
2025-07-25,28.76,19.29
2025-07-26,30.4,22.28
2025-07-27,31.93,22.67
2025-07-28,30.5,24.27
2025-07-29,32.48,23.83
2025-07-30,27.32,19.17
2025-07-31,24.25,15.07
2025-08-01,23.64,12.87
2025-08-02,24.25,16.2
2025-08-03,24.47,14.24
2025-08-04,25.16,16.2
2025-08-05,27.33,15.63
2025-08-06,28.54,18.1
2025-08-07,28.72,20.26
2025-08-08,29.18,21.65
2025-08-09,29.17,23.27
2025-08-10,26.94,20.78
2025-08-11,27.95,18.08
2025-08-12,27.88,18.6
2025-08-13,27.28,16.44
2025-08-14,27.94,17.03
2025-08-15,29.31,18.64
2025-08-16,30.0,20.34
2025-08-17,33.15,21.67
2025-08-18,28.2,21.81
2025-08-19,30.05,20.84
2025-08-20,28.77,20.25
2025-08-21,27.23,18.56
2025-08-22,28.29,16.34
2025-08-23,22.85,14.66
2025-08-24,21.59,11.58
2025-08-25,21.46,8.89
2025-08-26,23.31,9.55
2025-08-27,25.87,13.85
2025-08-28,27.07,14.03
2025-08-29,27.28,15.72
2025-08-30,27.05,15.6
2025-08-31,24.05,17.06
2025-09-01,23.7,15.73
2025-09-02,25.13,15.56
2025-09-03,20.52,9.6
2025-09-04,21.09,7.13
2025-09-05,18.83,9.04
2025-09-06,19.33,5.71
2025-09-07,21.16,7.26
2025-09-08,25.25,9.35
2025-09-09,21.21,13.32
2025-09-10,27.75,14.8
2025-09-11,28.93,14.32
2025-09-12,29.55,16.18
2025-09-13,34.33,18.12
2025-09-14,31.32,21.72
2025-09-15,31.67,21.31
2025-09-16,30.04,19.4
2025-09-17,26.7,17.47
2025-09-18,25.5,16.58
2025-09-19,25.32,14.99
2025-09-20,24.25,13.87
2025-09-21,25.97,15.4
2025-09-22,27.44,16.68
2025-09-23,21.16,17.08
2025-09-24,24.73,14.68
2025-09-25,25.78,12.48
2025-09-26,29.31,13.75
2025-09-27,27.45,13.39
2025-09-28,28.02,10.03
2025-09-29,30.46,15.24
2025-09-30,29.01,16.2
2025-10-01,29.11,17.32
2025-10-02,30.47,14.82
2025-10-03,31.31,16.05
2025-10-04,30.04,18.6
2025-10-05,27.78,15.69
2025-10-06,17.87,11.08
2025-10-07,20.0,8.82
2025-10-08,21.26,5.33
2025-10-09,22.96,6.76
2025-10-10,23.37,10.04
2025-10-11,19.99,8.31
2025-10-12,26.65,10.07
2025-10-13,19.22,11.21
2025-10-14,14.69,10.15
2025-10-15,23.31,12.66
2025-10-16,26.65,14.67
2025-10-17,25.53,13.74
2025-10-18,22.17,9.69
2025-10-19,16.8,4.11
2025-10-20,18.25,6.84
2025-10-21,13.05,5.17
2025-10-22,15.09,1.92
2025-10-23,15.89,0.53
2025-10-24,16.22,0.93
2025-10-25,16.89,5.47
2025-10-26,19.37,7.22
2025-10-27,16.85,5.94
2025-10-28,9.75,7.07
2025-10-29,13.25,3.32
2025-10-30,11.0,0.82
2025-10-31,9.94,0.67
2025-11-01,7.6,2.52
2025-11-02,12.13,-0.49
2025-11-03,16.32,3.34
2025-11-04,17.69,6.14
2025-11-05,14.28,6.32
2025-11-06,13.81,1.84
2025-11-07,16.32,3.14
2025-11-08,3.2,0.3
2025-11-09,-0.71,-6.2
2025-11-10,1.93,-5.87
2025-11-11,13.37,-2.09
2025-11-12,14.45,1.68
2025-11-13,17.29,2.02
2025-11-14,20.67,7.03
2025-11-15,17.35,5.26
2025-11-16,10.88,1.36
2025-11-17,8.19,1.74
2025-11-18,5.83,4.18
2025-11-19,7.32,2.68
2025-11-20,7.72,1.48
2025-11-21,4.65,1.4
